"baseMean","log2FoldChange","lfcSE","pvalue","padj","ensembl_id","gene_name"
2546.60932638954,1.14131694701483,0.166059073637647,4.60481974717614e-13,5.47082294479024e-11,"ENSG00000003402","CFLAR"
914.370594679048,1.46195742617511,1.8176963442025,0.00475700509138566,0.035968219981617,"ENSG00000004799","PDK4"
10.2534484705697,2.13149474541845,1.49274226482125,0.00298718632993923,0.0250953632599593,"ENSG00000006788","MYH13"
3716.56541790484,1.13740906522016,0.209366172724748,3.70816708158665e-09,1.88635074053642e-07,"ENSG00000008256","CYTH3"
721.941418739337,1.05956340837355,0.172838993978299,6.57365343266433e-11,5.00222429597164e-09,"ENSG00000008311","AASS"
7584.97488843759,1.07437499485702,0.171438279596071,2.86825942592736e-11,2.38999987911549e-09,"ENSG00000009413","REV3L"
1159.40295920204,1.01909644998644,0.20765596570524,6.88414477462033e-08,2.571430548167e-06,"ENSG00000011198","ABHD5"
221.109604822104,-1.1618158286323,0.176851056890837,3.4580811819714e-12,3.47960115615061e-10,"ENSG00000012048","BRCA1"
244.49400651336,-2.74293932506325,0.366261137777362,3.12820255577699e-15,4.61665474394561e-13,"ENSG00000013293","SLC7A14"
3431.54455302823,-1.63558454862611,0.269247375240627,6.89852832465925e-11,5.20640979912295e-09,"ENSG00000013297","CLDN11"
17.5126902473431,-2.09267576178442,0.798684427733503,0.00036691722892594,0.00461844208521613,"ENSG00000015520","NPC1L1"
92.1101048399364,-1.82269313068378,0.481936095223772,6.56152527784259e-06,0.00014540371599455,"ENSG00000016391","CHDH"
14.0875173434919,-3.89864419485588,1.08117248816941,1.91539285982743e-05,0.000375233611848109,"ENSG00000019186","CYP24A1"
3104.99903050483,1.17397565087252,0.149763524012594,3.45283622590358e-16,5.94242795327238e-14,"ENSG00000020577","SAMD4A"
35.9586783335188,1.30373683025133,0.808016370993577,0.00300384895851481,0.0252008558410252,"ENSG00000021645","NRXN3"
1927.70386518774,1.18557305960416,0.204458197459865,4.64152845869587e-10,2.93724215006475e-08,"ENSG00000023909","GCLM"
169.201816463876,-1.92442875779976,0.543430985756342,1.58547689848127e-05,0.000318739706173937,"ENSG00000025423","HSD17B6"
144.696986437221,1.11825271432109,0.33170244767293,4.47025046820167e-05,0.000772229478160729,"ENSG00000025708","TYMP"
34.4572720229068,-1.71883633951472,0.563408767651673,0.00010530077379686,0.00160788868115188,"ENSG00000028277","POU2F2"
633.039689235768,1.29126880404346,0.491297106524742,0.000378526564739798,0.00475157920223816,"ENSG00000035664","DAPK2"
10.1316555228039,1.36200793310722,0.597652352206556,0.00101111489980889,0.0106459010177134,"ENSG00000041515","MYO16"
1090.45643883243,2.02439853838972,0.909819333778345,0.000729772850220883,0.00818937662207042,"ENSG00000046653","GPM6B"
60.0651412567297,1.16306073552025,0.461389974770376,0.000568554327342613,0.00662896426866254,"ENSG00000048540","LMO3"
196.028265600041,-2.08984822787247,0.288924396214769,2.07682219799508e-14,2.71238870752337e-12,"ENSG00000049246","PER3"
1212.97707090486,-1.01542942485487,0.198897318655015,2.48711857891007e-08,1.04566869019701e-06,"ENSG00000049759","NEDD4L"
93.3799826379335,-1.06708575382353,0.490461208384878,0.00136685911301063,0.0135618052619024,"ENSG00000054938","CHRDL2"
212.552949723346,1.12916747854281,0.314494867874886,1.99760122347254e-05,0.0003883748298198,"ENSG00000057657","PRDM1"
363.7631440814,1.97630430220441,0.726889239059133,0.000225907197754769,0.00307654034603369,"ENSG00000060718","COL11A1"
16.9796928099119,-1.30350999094869,0.506693753966676,0.000461918113642448,0.00562580824254343,"ENSG00000064201","TSPAN32"
348.466903387175,-1.53523229114353,0.309581658198186,3.74330358986028e-08,1.51168718437011e-06,"ENSG00000064309","CDON"
28.7031609448735,-1.87578016354533,0.789225607203127,0.0005344320870387,0.0062965878968763,"ENSG00000066468","FGFR2"
3242.40128751998,1.07074681775651,0.157726159535393,8.87995472333542e-13,1.01567929335541e-10,"ENSG00000067082","KLF6"
705.207281858137,2.12555133192601,0.397895536587329,4.69629778433759e-09,2.31236159621863e-07,"ENSG00000067798","NAV3"
1247.23914866505,1.2649739188189,0.314263164270581,3.27803751211542e-06,7.99799170838485e-05,"ENSG00000068383","INPP5A"
97.80859654551,1.85100783790768,0.328420313225709,9.44311985344008e-10,5.70147711806882e-08,"ENSG00000068831","RASGRP2"
5.95766918518531,2.44717259483555,0.822399915180754,0.000199048345668717,0.00276431017005235,"ENSG00000070388","FGF22"
2128.12177561681,1.76902425850969,0.307191992010923,4.57923852463288e-10,2.91787811180327e-08,"ENSG00000070404","FSTL3"
23.5852977806582,-2.11111718113317,0.421282267995094,3.33665631163429e-08,1.36240634099214e-06,"ENSG00000070808","CAMK2A"
1106.4991291192,-1.01345506917203,0.223257632919757,4.06157694131849e-07,1.2301634765523e-05,"ENSG00000070882","OSBPL3"
3659.86212780504,1.53271611568675,0.232232112486666,2.45354362989552e-12,2.51644330953265e-10,"ENSG00000071282","LMCD1"
665.150392659381,1.12801492812506,0.355602899599452,8.65456630013672e-05,0.00135637309291079,"ENSG00000072163","LIMS2"
36.6278171475339,1.41749373990544,0.317867903171912,4.70559464422748e-07,1.41590727734394e-05,"ENSG00000072571","HMMR"
2129.43309251556,1.06166374510919,0.128104803008307,9.28663153018114e-18,1.90014799586984e-15,"ENSG00000072958","AP1M1"
412.639827468157,1.31497395084517,0.193021078351652,6.31804619108524e-13,7.41062551648629e-11,"ENSG00000074590","NUAK1"
29.0085221353746,1.16106234894355,0.355602515069815,6.58284681088644e-05,0.00107849754468393,"ENSG00000074660","SCARF1"
714.292422694761,-1.14039290379358,0.233375201465962,6.80882568442639e-08,2.55365631321206e-06,"ENSG00000075213","SEMA3A"
576.834673930795,-1.09418484038116,0.197070372183605,2.04476858572295e-09,1.11403590254698e-07,"ENSG00000075240","GRAMD4"
329.881095802951,-1.01033150967356,0.177773193745697,9.94845396033791e-10,5.94807726232541e-08,"ENSG00000077063","CTTNBP2"
1570.63392682279,1.18857067294809,0.110464686225757,3.89926141121908e-28,2.76172688029228e-25,"ENSG00000077684","JADE1"
358.688992464954,1.10503888773857,0.169578645707352,5.51075997535299e-12,5.23096107969718e-10,"ENSG00000078053","AMPH"
6.7724663151121,-2.34106875535571,0.98633119639562,0.000797495416839134,0.00879393898269021,"ENSG00000079101","CLUL1"
1509.44660948859,1.11757561052625,0.197625896207632,1.10910690297097e-09,6.52530467035476e-08,"ENSG00000079691","CARMIL1"
207.134577208693,1.79770563560031,0.427940564445058,1.28487059904023e-06,3.45414482939063e-05,"ENSG00000081052","COL4A4"
1486.90383194881,1.07286872856541,0.178547345581877,1.39511136555818e-10,9.76843186188361e-09,"ENSG00000083223","TUT7"
1522.66160217916,1.10549280398842,0.225946594224249,6.85855520136148e-08,2.56707914701365e-06,"ENSG00000083290","ULK2"
3609.49027468893,1.21432016121558,0.1953907573246,3.3965184374476e-11,2.80479314016132e-09,"ENSG00000084090","STARD7"
10.3957442696493,-2.31316894408584,0.711748171429063,6.26030746342944e-05,0.00102931751731298,"ENSG00000084710","EFR3B"
1911.07882271632,1.13095477277603,0.287684670268526,5.31201525153564e-06,0.000121365708259341,"ENSG00000085117","CD82"
907.657961796665,1.03034242082218,0.129513605426908,1.45391703717095e-16,2.65087942965377e-14,"ENSG00000087448","KLHL42"
685.720868955207,-1.15376867132472,0.520120465709184,0.00109194556683894,0.0113413297311557,"ENSG00000088756","ARHGAP28"
96.7559629333342,-1.83031865953596,0.296325780915136,4.02937437753523e-11,3.26876339922076e-09,"ENSG00000089041","P2RX7"
1231.09188657928,-1.32883313909659,0.280061754675254,1.184926073494e-07,4.19623339296e-06,"ENSG00000092621","PHGDH"
200.644149045315,-1.4728468762079,0.300136098520714,5.10213576274741e-08,1.99369330502801e-06,"ENSG00000092969","TGFB2"
21.112756321606,-2.08131523858336,0.817194147511264,0.000360402564509839,0.00454576248318403,"ENSG00000095585","BLNK"
44.3056674720633,1.75818366186192,0.376968092581525,1.55445805613785e-07,5.33060430237961e-06,"ENSG00000095637","SORBS1"
2564.38437504937,3.89504948283294,0.298474284149314,3.70034444361025e-40,5.24168022531406e-37,"ENSG00000096060","FKBP5"
201.584117610054,1.20718488677463,0.26555245090284,3.41535990157194e-07,1.06599750148216e-05,"ENSG00000097096","SYDE2"
785.207076440808,-1.8290945594838,0.421545357223964,6.66276847490664e-07,1.92613628674106e-05,"ENSG00000099194","SCD"
848.584854270064,1.33477494989509,0.244417078972572,2.91729199267334e-09,1.51329386042478e-07,"ENSG00000099204","ABLIM1"
530.058849354171,2.71434364675855,0.370972286020988,1.34337165972793e-14,1.8057072345905e-12,"ENSG00000099337","KCNK6"
42.7950101182452,1.00041989513972,0.387783017470413,0.000554429432786026,0.00648242413000297,"ENSG00000099849","RASSF7"
368.158192610506,1.41406986515341,0.180624037772744,3.32603136305212e-16,5.77819505194385e-14,"ENSG00000099860","GADD45B"
506.243741997388,1.49517300881244,1.38387758727535,0.00423998736574253,0.0328478617333398,"ENSG00000099998","GGT5"
55.3639200859253,4.80283929873786,0.628596617074247,1.83293227546729e-15,2.83642418930506e-13,"ENSG00000100033","PRODH"
36.2987514806198,1.7023391686374,0.451154512078542,7.31853565419872e-06,0.000160632698536436,"ENSG00000100206","DMC1"
2236.24203648175,1.83412322934651,0.2789550897219,2.69442303095296e-12,2.74131492348059e-10,"ENSG00000100242","SUN2"
2399.36890186206,-1.2270736982701,0.273532339511016,4.28990730961394e-07,1.2950872470733e-05,"ENSG00000100292","HMOX1"
35.8445158131682,-1.75953918893118,0.479179958147987,1.11253763255995e-05,0.000234141491469617,"ENSG00000100302","RASD2"
134.534730275926,-1.60818366290394,0.36248283340821,4.84653841324282e-07,1.45120333137994e-05,"ENSG00000100739","BDKRB1"
87.3227602014942,-2.38307137559756,0.296330420810646,4.34637233404106e-17,8.42509963488064e-15,"ENSG00000100784","RPS6KA5"
42.90137769414,4.06242623947281,0.51257338056834,1.62377779987703e-16,2.93155570438583e-14,"ENSG00000101342","TLDC2"
12703.4128252398,3.82960843250141,0.280445940057113,2.18818799663659e-43,4.02954819580629e-40,"ENSG00000101347","SAMHD1"
4767.10469108964,-1.24659840950123,0.275177671234705,3.4861046276448e-07,1.08257363774163e-05,"ENSG00000101825","MXRA5"
664.680645198945,1.02261509783654,0.353029408664327,0.000219912495319448,0.00300645033504651,"ENSG00000102466","FGF14"
64.0414731737915,-1.61857731794749,0.291419755307047,1.38184151870227e-09,7.95206611465695e-08,"ENSG00000102524","TNFSF13B"
149.552166590204,2.45562970540941,0.41881851771615,2.22690550979426e-10,1.50766415304637e-08,"ENSG00000102554","KLF5"
1136.38757496646,2.84761568591515,0.730314741201682,3.78446513249544e-06,9.07433924673223e-05,"ENSG00000102760","RGCC"
5397.33558773763,1.15351005711968,0.163938886468158,1.45914176203275e-13,1.82789765631518e-11,"ENSG00000102804","TSC22D1"
90.3328337493841,-1.33017638788457,0.219814152327483,8.85528027208866e-11,6.54899543014107e-09,"ENSG00000102984","ZNF821"
165.316302707453,1.13514952721096,0.30272772082771,1.06278072977564e-05,0.000224439302050669,"ENSG00000102996","MMP15"
780.765443622072,1.38464015302989,0.175848749531146,2.21115543509513e-16,3.87794546069303e-14,"ENSG00000103064","SLC7A6"
250.457907082079,1.54867997897343,0.381928192155223,2.54563068261512e-06,6.39533274493279e-05,"ENSG00000103175","WFDC1"
3082.088884672,2.6510785598203,0.263436252696815,4.21376684128217e-25,2.09720314546517e-22,"ENSG00000103196","CRISPLD2"
403.745805891872,-1.02204485985708,0.304617131120451,5.05978032749991e-05,0.000855609318006528,"ENSG00000103257","SLC7A5"
865.199817057682,-1.18141134914866,0.139222619352483,1.47153402068746e-18,3.3046706086536e-16,"ENSG00000103485","QPRT"
544.421110534088,-1.15528715490234,0.271955864863401,1.3227231288474e-06,3.53526072826195e-05,"ENSG00000103647","CORO2B"
370.827770473622,-1.62522680851979,0.78238388378913,0.00109264567997556,0.011342204169532,"ENSG00000103742","IGDCC4"
7.10203025372704,-1.74935516138236,0.785104508677362,0.00120184788643892,0.012234399573672,"ENSG00000104951","IL4I1"
84.5743051728046,-1.60558593297835,0.206830598502367,4.50992962572132e-16,7.48201387906829e-14,"ENSG00000105516","DBP"
5.61471458639355,1.33085185397098,0.995521513066501,0.00515033578538256,0.0381602511911255,"ENSG00000105664","COMP"
101.370727054434,-1.19433262156105,0.252821160340049,1.5316186833898e-07,5.26208172660879e-06,"ENSG00000105711","SCN1B"
2640.34214038423,1.01401746868294,0.157740490048003,1.03158009076554e-11,9.4042313720037e-10,"ENSG00000105835","NAMPT"
16.4281623709883,-2.33248468646027,0.635066298098803,1.35200235343932e-05,0.000278491312512138,"ENSG00000106003","LFNG"
2287.85993737051,1.1518421661664,0.363820924147176,9.01189191869639e-05,0.00140414848067043,"ENSG00000106123","EPHB6"
677.207250627007,-1.18897341265706,0.813594593067527,0.00372967155576342,0.0297269954413117,"ENSG00000106484","MEST"
1018.35402511812,1.49018019169687,0.266000877079501,1.24434130311974e-09,7.20657026829842e-08,"ENSG00000106617","PRKAG2"
884.737400832367,-1.7085591905502,0.205743135819186,5.66689311202842e-18,1.21343996113957e-15,"ENSG00000106976","DNM1"
1276.70745444015,1.11552557662682,0.277570061925943,3.67440784238095e-06,8.84499613299937e-05,"ENSG00000107104","KANK1"
25136.0890181904,-1.87553065594882,0.28510537543844,2.74724981134526e-12,2.77970358658917e-10,"ENSG00000107562","CXCL12"
41.0818870131441,-1.38400716066791,0.360219854464773,6.45068113945799e-06,0.00014329227163223,"ENSG00000107611","CUBN"
2427.81163733981,1.04082242275267,0.30380424543791,3.94188655564277e-05,0.000693975534628695,"ENSG00000107796","ACTA2"
536.65948634498,1.08082116984167,0.180124761189493,1.44466675894404e-10,1.00013302127649e-08,"ENSG00000107968","MAP3K8"
19.0736661708649,1.67511800158222,0.512578388702608,5.20039835506118e-05,0.000876169585621698,"ENSG00000108387","SEPTIN4"
7.42542324810674,-1.71376739548867,1.05782022327249,0.00305575638003895,0.0255432381926542,"ENSG00000108602","ALDH3A1"
2178.07637654574,1.22800849309375,0.1887673956735,5.50851892115058e-12,5.23096107969718e-10,"ENSG00000108604","SMARCD2"
7.44566527361518,-1.74265899359173,0.889475261620857,0.00192408822439184,0.0176983439821058,"ENSG00000108684","ASIC2"
15.0226558747118,-3.06658037859129,1.0986583427851,0.00022917749755841,0.00311231830201926,"ENSG00000108700","CCL8"
100989.91598642,-1.28560420084232,0.116380292834325,1.8614614289431e-29,1.63232439114224e-26,"ENSG00000108821","COL1A1"
158.261075547043,-2.28983875337447,0.300919160057388,1.68691467346999e-15,2.63258760270761e-13,"ENSG00000108830","RND2"
1011.56493667117,1.01829607874299,0.203749523044362,4.37198972324134e-08,1.73888100979458e-06,"ENSG00000108950","FAM20A"
1723.12310209931,1.57987331821202,0.234698656818466,1.00437800633727e-12,1.12778176748176e-10,"ENSG00000108960","MMD"
41.4971423052559,-1.66106023154161,0.323573368142657,1.85480791687256e-08,8.11313249149839e-07,"ENSG00000109625","CPZ"
47.9137964257685,-1.16809836160773,0.381470183728194,0.00011550044373254,0.00172922005799571,"ENSG00000109674","NEIL3"
67.0429297128855,-1.24141207627346,0.225016497054057,2.64483006620232e-09,1.38943703997796e-07,"ENSG00000109881","CCDC34"
385.071327676389,7.10785281194199,0.500243382414056,2.24587292168246e-47,5.16971873159782e-44,"ENSG00000109906","ZBTB16"
19.0696601798991,-1.07167743205643,0.553811748364603,0.00216898446965942,0.0196102052560654,"ENSG00000110203","FOLR3"
995.252222053197,1.55585198525373,0.172638329923441,1.25835671176046e-20,3.86210647451149e-18,"ENSG00000110756","HPS5"
262.804092122617,-1.32106582672578,0.322807955384686,2.41267999293078e-06,6.07790725989333e-05,"ENSG00000110900","TSPAN11"
193.412946626173,-1.38178762664479,0.299474688320949,2.11711425814026e-07,6.98685646302024e-06,"ENSG00000111728","ST8SIA1"
88.8399342388187,-1.05284867322238,0.230682264621216,3.63630769727569e-07,1.11828199787937e-05,"ENSG00000111816","FRK"
1772.54117030296,1.56888310633947,0.294908292345608,5.82868296910775e-09,2.83206324211397e-07,"ENSG00000111859","NEDD9"
58.5465537847792,1.11409019857045,0.501331628980847,0.00118255315875218,0.0120780457118255,"ENSG00000112218","GPR63"
1874.10517652625,-1.07307445370203,0.267587918810512,3.88201461790026e-06,9.2262670146619e-05,"ENSG00000112715","VEGFA"
516.79715620943,-1.16088157636322,0.139277908926686,6.0354373362654e-18,1.27750090284284e-15,"ENSG00000112773","TENT5A"
2754.94303068407,-1.75893821312443,0.201604994892956,1.46460631838267e-19,3.90880077579953e-17,"ENSG00000112837","TBX18"
1960.7071087824,2.95204192557047,0.666412327448685,4.01752984757834e-07,1.2202233060423e-05,"ENSG00000112936","C7"
1010.29282888401,1.33509054845163,0.12656724293837,3.53243412117278e-27,2.32320622647845e-24,"ENSG00000114098","ARMC8"
1546.90777793248,1.1775011837049,0.187688688850138,2.54507309566055e-11,2.14988628699949e-09,"ENSG00000114270","COL7A1"
184.341568921453,-1.2006529826718,0.194520357638013,4.64042129414175e-11,3.71536339702697e-09,"ENSG00000114670","NEK11"
3865.24060485268,1.15063080985948,0.152416630377057,3.19976686187203e-15,4.67648466360106e-13,"ENSG00000115419","GLS"
292.733728996118,1.02465501039238,0.515090988439517,0.00204040785592277,0.0186750053015993,"ENSG00000116106","EPHA4"
237.044539587412,1.83306217588996,0.443057354546408,1.59945015254671e-06,4.20769636559253e-05,"ENSG00000116194","ANGPTL1"
3232.63588079279,2.39763040909468,0.231310410946706,1.99417373394234e-26,1.11280937304692e-23,"ENSG00000116285","ERRFI1"
2250.58089102087,-1.00247230007062,0.0827842203624667,8.19646505187449e-35,1.00625269286846e-31,"ENSG00000116584","ARHGEF2"
50.8990625914575,1.94235601006641,0.459160561714983,1.16812103652517e-06,3.16337483641338e-05,"ENSG00000116675","DNAJC6"
24.9241198332869,1.24335451843641,0.706295210909903,0.00263271103961006,0.0229009795911286,"ENSG00000116690","PRG4"
111.968421891278,-2.37049372369889,0.409650502779573,3.09895453463589e-10,2.04542106649892e-08,"ENSG00000116711","PLA2G4A"
9435.94331671769,1.47381042642022,0.260977520295499,9.59576767032113e-10,5.77470789702495e-08,"ENSG00000116962","NID1"
119.853749823762,-2.47020337825864,0.586904602198544,1.03039632360337e-06,2.80691542886925e-05,"ENSG00000116991","SIPA1L2"
215.509146709287,-1.53251541714757,0.361455572942032,1.1207170289442e-06,3.04395340531082e-05,"ENSG00000117461","PIK3R3"
39.2873968219258,-1.72703980518616,0.624793688273147,0.000237576757488568,0.00321453048431446,"ENSG00000117600","PLPPR4"
5165.47547997407,1.24019685168158,0.148064110914087,3.84909188073304e-18,8.33894435102341e-16,"ENSG00000118689","FOXO3"
1683.27622905212,2.07117276548489,0.207679156483354,1.13764642906021e-24,5.51309447135363e-22,"ENSG00000119138","KLF9"
5029.85477688044,1.89264087649926,0.253971246565712,4.83958956341211e-15,6.85546475463339e-13,"ENSG00000119139","TJP2"
216.674369404589,2.02303603763446,0.329373977805142,4.26864009232715e-11,3.4476757587809e-09,"ENSG00000119508","NR4A3"
28.7983998291707,-1.04783130755625,0.354290433590688,0.00018470203863862,0.0025880891011867,"ENSG00000119703","ZC2HC1C"
562.981123676436,1.18150262543437,0.205494479737528,6.02621139397473e-10,3.72391553087398e-08,"ENSG00000119711","ALDH6A1"
54.8122250115231,-2.77121511595264,0.436469912067659,1.25455773681416e-11,1.1269600352894e-09,"ENSG00000119714","GPR68"
3409.03835490143,2.91978776819815,0.202568769474385,1.75738759867527e-48,5.39371543826751e-45,"ENSG00000120129","DUSP1"
60.670427635757,2.66225256813941,0.449574213019672,1.47927279303389e-10,1.02025499939023e-08,"ENSG00000120162","MOB3B"
31.7907465435411,-1.24508305798943,0.450491138485474,0.000293228089368193,0.00384874929844282,"ENSG00000121621","KIF18A"
943.340735322473,2.2336454460188,0.419042816138869,5.11853441213074e-09,2.51354163198367e-07,"ENSG00000122035","RASL11A"
17.0524051391341,-2.90647043591242,0.509848734805962,1.05600495503782e-09,6.23279847660942e-08,"ENSG00000122877","EGR2"
288.892501525737,-1.52230043043773,0.23018823097346,2.12791775954745e-12,2.25204629552105e-10,"ENSG00000122966","CIT"
180.640670589744,1.18187928914591,0.271078468287154,8.29008329249028e-07,2.32716286328062e-05,"ENSG00000123358","NR4A1"
13.5285848772424,-2.58316669835651,0.597073691180715,1.00078806022598e-06,2.73544042757145e-05,"ENSG00000123405","NFE2"
5040.48334406563,1.01235950630962,0.0965377259540213,8.47403306185858e-27,5.20164396113752e-24,"ENSG00000123562","MORF4L2"
322.72990824958,-2.32178191416277,0.497055855101168,1.38028059900765e-07,4.76883062490167e-06,"ENSG00000123610","TNFAIP6"
20.5203830068849,-1.21747090281078,0.422383362335662,0.000205436237709346,0.00283804074825027,"ENSG00000123612","ACVR1C"
42.3509033628623,1.69543539928101,0.498163543845579,3.02596706064264e-05,0.000552809359342601,"ENSG00000123685","BATF3"
42.1345372369129,-2.50035326784057,0.48863573031756,1.8821010328048e-08,8.2130072320143e-07,"ENSG00000123689","G0S2"
26.0836133664418,-2.25804325974463,0.837547322681591,0.000264740473085373,0.00352763806936841,"ENSG00000124134","KCNS1"
1569.9043302201,1.34302005322877,0.206969759397221,5.43534498092325e-12,5.21311863665112e-10,"ENSG00000124151","NCOA3"
96.6256262243365,-1.15063703964016,0.531676362159015,0.00124649975029569,0.0125978200835855,"ENSG00000124249","KCNK15"
25.5648484791868,1.03945383674388,0.409094779756681,0.000599510243538151,0.00692596056132689,"ENSG00000124374","PAIP2B"
197.042690626187,2.37874577137248,0.479546988013829,3.18804202954541e-08,1.31044182977854e-06,"ENSG00000124440","HIF3A"
19.9281821004627,-1.16240125734065,0.44804252067256,0.000486501642634362,0.00585288618908374,"ENSG00000124466","LYPD3"
1281.45678699994,-2.30244624889411,0.255780245011197,1.22357463239432e-20,3.81900455178667e-18,"ENSG00000124766","SOX4"
3656.26740037453,2.18437048485281,0.148042171227611,1.63015008179505e-50,6.00384275125118e-47,"ENSG00000125148","MT2A"
566.471452733473,-1.05141518257249,0.377979219132604,0.000300216048360746,0.00391258211646365,"ENSG00000125398","SOX9"
13.3115501200415,-1.41536579295808,0.572178511439435,0.000578865012057264,0.00673817901203193,"ENSG00000125657","TNFSF9"
178.652501999173,-2.26725110069088,0.346453267587204,3.535400249529e-12,3.51915651865278e-10,"ENSG00000125848","FLRT3"
244.334637871174,-1.18350925566393,0.281558328522348,1.63559628115316e-06,4.29664843330035e-05,"ENSG00000125965","GDF5"
386.412442581616,-2.1904674934446,0.352550668080208,2.59318043722409e-11,2.17207048012959e-09,"ENSG00000126016","AMOT"
672.616210072833,-1.01336419878301,0.328549746002951,0.000122049045726529,0.00181252675568874,"ENSG00000126785","RHOJ"
449.176836543227,2.19035814203893,0.710682328879937,7.52500007337745e-05,0.00119769123899089,"ENSG00000126803","HSPA2"
22.3216226039413,-1.31092341311496,0.391723362276265,4.51277929664781e-05,0.000778116392769377,"ENSG00000126860","EVI2A"
309.304215909479,-1.64075836772501,0.249199522589358,2.45973280323583e-12,2.51644330953265e-10,"ENSG00000126861","OMG"
93.2590639059887,-2.53530801401642,0.496472759230323,1.31203334183385e-08,5.87861167636747e-07,"ENSG00000126878","AIF1L"
786.108308420399,-1.52812566385923,0.317407501828773,7.70050729645789e-08,2.84178039808161e-06,"ENSG00000126950","TMEM35A"
304.475082330564,1.08916638117269,0.966849644406772,0.00569103368745956,0.0411080427506034,"ENSG00000127083","OMD"
26.4056853497082,4.03965254498027,0.878550106664649,1.93082462844136e-07,6.42466392218737e-06,"ENSG00000127324","TSPAN8"
307.264988823033,-1.02678124323169,0.29666007204157,3.4420221112416e-05,0.000613006162268028,"ENSG00000127589",NA
228.716782957365,-1.4927550700304,0.193834859848139,9.59194362256383e-16,1.50970634025225e-13,"ENSG00000127824","TUBA4A"
286.388753317735,4.96467757461743,0.936083921420992,4.31020947425772e-09,2.15101646255978e-07,"ENSG00000127954","STEAP4"
124.216514368742,3.37598425240719,1.16508647558792,0.000105010243924331,0.00160478310528345,"ENSG00000128045","RASL11B"
58.7517465380704,-2.54741999538716,0.445417358685682,4.28430352576033e-10,2.75858214779289e-08,"ENSG00000128165","ADM2"
161.63828740908,1.11495422439218,0.659172648077895,0.00310324374351663,0.0258317846083391,"ENSG00000128262",NA
6.62464689043904,-4.91215133192669,1.36075538612004,3.53609627634051e-06,8.54556600115622e-05,"ENSG00000128285","MCHR1"
316.408984330112,1.27354155512147,0.148965320239801,8.17654038384709e-19,1.8821373896068e-16,"ENSG00000128311","TST"
153.120046201745,-2.41087292112543,0.352055516628971,4.73035679988508e-13,5.58394361986434e-11,"ENSG00000128342","LIF"
164.043523498014,-1.65109795503266,0.920136146611877,0.00175409698162288,0.0164888697889665,"ENSG00000128510","CPA4"
19.009262298397,-1.44730196422769,0.554562723117644,0.000365961144320624,0.00460955846283468,"ENSG00000128594","LRRC4"
1137.03091630192,-1.69264107825665,0.775457901265101,0.000846052814939598,0.0092004296810886,"ENSG00000128606","LRRC17"
1415.67710071441,1.00933256316593,0.123526101856327,2.52365119147438e-17,4.99710071946244e-15,"ENSG00000128923","MINDY2"
1441.83170652588,-1.31638020583738,0.326970527830476,3.10219662260145e-06,7.61692677402744e-05,"ENSG00000129048","ACKR4"
6.07770066898454,1.38504328688767,1.19058727686174,0.00562650112987343,0.04077607961693,"ENSG00000129270",NA
105.731285944338,-1.55065829548715,0.279658043638654,1.85995327005512e-09,1.02548022359476e-07,"ENSG00000129467","ADCY4"
4098.11999428398,1.28286749075354,0.169385368858357,2.59461875679391e-15,3.98165870052999e-13,"ENSG00000130066","SAT1"
451.001146431514,-1.76445478693716,0.295999637566629,1.33388783822937e-10,9.44751713115149e-09,"ENSG00000130513","GDF15"
19.9432991680427,-1.60056477848397,0.712977839995344,0.00085626994926542,0.00927541830336629,"ENSG00000130592","LSP1"
31.7090867693619,-2.09942571557257,0.342590886485251,4.79065632113126e-11,3.81904485513559e-09,"ENSG00000131242","RAB11FIP4"
11496.512180422,1.43697407913015,0.296423419135569,7.06252945587438e-08,2.63272226578799e-06,"ENSG00000131386","GALNT15"
740.403133853246,-2.07244704822194,0.224956502138138,1.64363905332001e-21,5.82069483978614e-19,"ENSG00000131389","SLC6A6"
1022.48755491405,1.20410165960971,0.278440347917255,9.41314263975615e-07,2.59495541483697e-05,"ENSG00000131459","GFPT2"
85.0690048148891,1.53271559270877,0.281103504211402,2.82969841337938e-09,1.4761726992176e-07,"ENSG00000131979","GCH1"
24.9707396228094,-1.10332321540647,0.559019100400322,0.00191934309236069,0.0176875918099327,"ENSG00000132321","IQCA1"
5.65470690189454,6.59515572452337,2.59185110660459,1.42110386253879e-06,3.77628104309549e-05,"ENSG00000132518","GUCY2D"
65.5487249388816,-2.21627543242196,0.373011583316036,1.28789872380495e-10,9.22827042757514e-09,"ENSG00000132622","HSPA12B"
12.5735317472504,1.12719550986907,0.787742575272963,0.004752006164832,0.035952421333353,"ENSG00000132965","ALOX5AP"
1322.81486937849,1.07956535567495,0.11921258515011,1.07833779107103e-20,3.42372248665052e-18,"ENSG00000132970","WASF3"
3055.98067746606,1.51787658711266,0.15757499630839,3.69434863596527e-23,1.44747723683618e-20,"ENSG00000133142","TCEAL4"
344.05324780186,-1.56679146602597,0.397738785405075,4.03131879707782e-06,9.52974783673788e-05,"ENSG00000133216","EPHB2"
90.8127317297427,1.06651820731861,0.345773933373171,0.000119909310616293,0.00178362678109776,"ENSG00000133401","PDZD2"
5510.95647651194,2.15588145892222,0.271448252027156,9.08268272151968e-17,1.68947073047258e-14,"ENSG00000134243","SORT1"
136.92021385672,-1.92209309661671,0.21480832224954,1.59178429138796e-20,4.72785608482408e-18,"ENSG00000134253","TRIM45"
45.1206994289656,-1.00126140700913,0.529130658556296,0.00248743032329392,0.0218540216619549,"ENSG00000134259","NGF"
20597.3425646094,1.18207004369492,0.179017802558913,2.28469431501154e-12,2.38120080106732e-10,"ENSG00000134294","SLC38A2"
2906.30973919635,-1.6703929544469,0.325150507766036,1.47440762029144e-08,6.5582648134461e-07,"ENSG00000134363","FST"
6.52692365408615,-1.22168732093466,1.03745299878893,0.00667049410183657,0.0466352121812151,"ENSG00000134376","CRB1"
2737.98162586977,1.3758589683405,0.0919831788528035,9.65533115134231e-52,4.44507307879922e-48,"ENSG00000134686","PHC2"
724.584165165788,-1.12413821027611,0.31431325488659,2.02978167371687e-05,0.00039263056220059,"ENSG00000135069","PSAT1"
111.758618662809,1.49168601191948,0.201222582062632,8.16880742297971e-15,1.13104202025693e-12,"ENSG00000135362","PRR5L"
155.837656595499,-1.46951060624839,0.379763496497727,5.65486515980425e-06,0.000128244263445561,"ENSG00000135472","FAIM2"
21.3325453810853,2.16219114433667,0.63351323236126,2.72900649671298e-05,0.000507110541240864,"ENSG00000135604","STX11"
856.463921789611,1.33842143376192,0.312240021193156,9.78580190155576e-07,2.68963495547984e-05,"ENSG00000135678","CPM"
19611.251384513,2.95488949827904,0.270991501999883,5.21907239248108e-29,4.36860082306996e-26,"ENSG00000135821","GLUL"
50.6421732584236,1.17818084105715,0.4185736809879,0.000249122625364003,0.0033510541607583,"ENSG00000135917","SLC19A3"
98.5190517139084,2.57961782505114,0.532228394680383,5.52216188131147e-08,2.13187863824635e-06,"ENSG00000136237","RAPGEF5"
68.7869977048668,2.84792107176218,0.547373086736356,8.83208180572977e-09,4.13849329395709e-07,"ENSG00000136383","ALPK3"
3129.15942131645,1.0993388827191,0.184138847895078,1.73104822595091e-10,1.18502799557197e-08,"ENSG00000136436","CALCOCO2"
3701.51777497719,1.42531825849771,0.21991646410159,5.75190022131611e-12,5.43185859361724e-10,"ENSG00000136478","TEX2"
4991.23707113776,1.21272175614496,0.416790497424741,0.000196239413938207,0.00272941752845323,"ENSG00000136546","SCN7A"
435.706358063201,-2.4914157317466,0.338562234769512,8.57188344082292e-15,1.17799428031906e-12,"ENSG00000136999","CCN3"
141.425064719241,-1.3064527502496,0.229313821052114,7.57334461072408e-10,4.63332694373701e-08,"ENSG00000137266","SLC22A23"
158.28377408095,2.05158511587451,0.373551106821943,2.01097722694557e-09,1.09887672505052e-07,"ENSG00000137393","RNF144B"
14.7515500227133,-1.21056813005398,0.660104323885696,0.00245033551866983,0.0216375502798656,"ENSG00000137642","SORL1"
655.448854141464,1.90863487970298,0.2266714250746,2.13549236241268e-18,4.68155855402733e-16,"ENSG00000137672","TRPC6"
5.10282975229036,4.32936279521477,1.64360829139989,0.00017864920610168,0.00251323539370698,"ENSG00000137673","MMP7"
90563.3614225568,1.8896818432383,0.296981593349742,1.56779036781568e-11,1.38802209727527e-09,"ENSG00000137801","THBS1"
288.770470105909,-1.23540786876399,0.253842814925427,6.65664296454574e-08,2.50679100597361e-06,"ENSG00000137872","SEMA6D"
101.962504494865,1.26086446040349,0.249688069254048,2.7969353143634e-08,1.16003522103608e-06,"ENSG00000137880","GCHFR"
102.245120327948,1.56925694978155,0.389051599381969,2.84082846673207e-06,7.05038493461875e-05,"ENSG00000137959","IFI44L"
4500.57984403092,1.07091184843423,0.299011171787025,2.29399661070658e-05,0.000439583221500121,"ENSG00000137962","ARHGAP29"
1697.49904128374,1.04064641748387,0.224563129197144,2.582919784237e-07,8.33002939172055e-06,"ENSG00000138073","PREB"
435.943594470857,1.16070136628172,0.184229459078286,2.14067488791173e-11,1.81661419635458e-09,"ENSG00000138074","SLC5A6"
37.8397097714386,-1.37641872990682,0.389188916928185,2.45295737737027e-05,0.000464724383788822,"ENSG00000138135","CH25H"
402.172671708438,1.18043174947792,0.260982271782895,3.9289219764557e-07,1.19786586417933e-05,"ENSG00000138166","DUSP5"
799.560819258847,-2.3306889015045,0.309593484298141,2.75867078210094e-15,4.16401003708105e-13,"ENSG00000138316","ADAMTS14"
4456.79964784193,1.32052776987343,0.327858034313787,3.29907951529536e-06,8.03605149129153e-05,"ENSG00000138356","AOX1"
4.87045243050388,3.06364490255512,1.03215396067926,0.000297645548770281,0.00388733530539343,"ENSG00000138483","CCDC54"
840.378261707032,1.20803739890655,0.345410788843294,2.55729338120722e-05,0.000480046458867798,"ENSG00000138615","CILP"
239.218768914062,-1.43343614583887,0.420839293845467,3.1749962539215e-05,0.000576035034640044,"ENSG00000138669","PRKG2"
118.069529782404,1.09566416886604,0.203338745372942,5.15148691751027e-09,2.52299552090297e-07,"ENSG00000138678","GPAT3"
6850.21318844962,-1.06968577514002,0.237088242849291,3.69990370115417e-07,1.1355621109459e-05,"ENSG00000138735","PDE5A"
15701.2188784373,1.53022799505091,0.831384343825691,0.00199185397668843,0.0182669277792417,"ENSG00000138829","FBN2"
17.496973574804,1.35353545347304,0.988449279034383,0.00396790309097208,0.0312661255542365,"ENSG00000139055","ERP27"
1223.46315207371,2.21725380934816,0.207246274653867,5.68732465187566e-28,3.87896605423297e-25,"ENSG00000139132","FGD4"
16.8064799247861,-1.64484188155918,0.445105828716269,1.19307931339144e-05,0.00024881716371578,"ENSG00000139269","INHBE"
124.247975939961,-1.02563663850269,0.254650425351017,3.85521898361144e-06,9.18419891115196e-05,"ENSG00000139354","GAS2L3"
2493.9626123254,-1.26063874461591,0.229619162537491,2.4893084064982e-09,1.33257599725768e-07,"ENSG00000140105","WARS1"
146.449098858215,1.10263982049407,0.423570733377979,0.000474342026123605,0.00574671605991196,"ENSG00000140511","HAPLN3"
9199.60485668938,1.04360230145695,0.173183866638046,1.21864248841994e-10,8.83515804104459e-09,"ENSG00000140545","MFGE8"
11.2051862781286,-2.25875852315001,0.864808179147006,0.000348158825448323,0.00441488668620345,"ENSG00000140600","SH3GL3"
96.2204474752052,2.39383987851948,0.388825417844008,3.57084917103026e-11,2.9355887269876e-09,"ENSG00000140807","NKD1"
151.082027400383,1.45317588028165,0.315423262912829,2.32784516769799e-07,7.57372239631776e-06,"ENSG00000141150",NA
2049.47820443989,1.1655858074525,0.190353843166446,7.23326053487403e-11,5.43675480611042e-09,"ENSG00000141298","SSH2"
627.528067458797,2.3101059472048,0.23533396243397,5.25305574230613e-24,2.3032147974897e-21,"ENSG00000141401","IMPA2"
53.4354810111084,-3.54547532858408,0.80162745879297,3.56393395521228e-07,1.10117187559118e-05,"ENSG00000141469","SLC14A1"
5220.26485622205,1.69711529541148,0.351339900930364,8.15238690113902e-08,2.99056184829631e-06,"ENSG00000142871","CCN1"
265.813276525119,3.38224905828695,0.818720240516141,1.33171078175998e-06,3.55412377479856e-05,"ENSG00000143127","ITGA10"
1492.11031525408,-1.62539240193111,0.198138776494906,1.34679726763364e-17,2.69579040037755e-15,"ENSG00000143320","CRABP2"
1077.617717594,-1.02759755797684,0.157207042614527,4.99973578985413e-12,4.87143569154305e-10,"ENSG00000143344","RGL1"
18.960739766621,-3.75509975465474,0.600738883273734,5.20914412515464e-11,4.06467750274249e-09,"ENSG00000143494","VASH2"
318.946955566927,-1.11105666569245,0.204494113782334,3.92119207529046e-09,1.9729167231277e-07,"ENSG00000143507","DUSP10"
77.7758916331867,-1.45131519505913,0.228208515472138,1.2932574549101e-11,1.15608427340629e-09,"ENSG00000143786","CNIH3"
99.0938506755859,1.78349697094685,0.412930570514568,7.89925065452734e-07,2.22763707202329e-05,"ENSG00000143869","GDF7"
3314.35420803884,1.15102953483416,0.177921174598396,6.68059186056437e-12,6.24482736610623e-10,"ENSG00000143878","RHOB"
528.386962569768,-1.07751911539326,0.145345831001718,8.94908104455425e-15,1.22072094396642e-12,"ENSG00000143891","GALM"
62.3743684145395,1.28758755014854,0.358120762377959,1.8240594786511e-05,0.000360022028932047,"ENSG00000144362","PHOSPHO2"
1303.26322729511,-1.33140426676652,0.116875999729631,3.0568289620102e-31,3.12730585196766e-28,"ENSG00000144369","FAM171B"
25.4176323153014,1.67163841304882,0.823190668531958,0.00124187321612645,0.0125654369642685,"ENSG00000144648","ACKR2"
26.3218179169868,-1.21917148879107,0.472560097032614,0.000468081470467957,0.00567648779664325,"ENSG00000145242","EPHA5"
167.013755528854,1.86887102518767,0.298255851580878,1.99626193599234e-11,1.70982156052553e-09,"ENSG00000145244","CORIN"
8442.04514236764,1.97290370161515,0.64940585966365,9.4284964242918e-05,0.00146272756237012,"ENSG00000145390","USP53"
20.5338046400784,2.00384114263056,0.734060773900421,0.000232204865853346,0.0031487868959421,"ENSG00000145569","OTULINL"
3495.18760109883,1.53148858633565,0.291760764682043,8.7211560432334e-09,4.09694103408528e-07,"ENSG00000145675","PIK3R1"
2018.15055205869,-1.20775483947798,0.154713517143081,4.05174057978133e-16,6.78298207060666e-14,"ENSG00000145685","LHFPL2"
152.370841552781,-2.73681969883681,0.264226143048545,1.79418377534246e-26,1.03249669446661e-23,"ENSG00000145777","TSLP"
65.4288290674931,-1.16463901243912,0.36750026565345,8.10189046437369e-05,0.0012806550463643,"ENSG00000145911","N4BP3"
46.8070121087814,-4.02033269456518,0.460616511459847,6.18411197056055e-19,1.4600054094599e-16,"ENSG00000146006","LRRTM2"
1942.42555424956,1.57372732618953,0.263149047963818,1.26921700828487e-10,9.12993406545543e-09,"ENSG00000146122","DAAM2"
313.686159348886,-2.64096541791744,0.352471160750171,3.0846144270984e-15,4.61665474394561e-13,"ENSG00000146250","PRSS35"
818.986308472715,1.04962490852443,0.15688892961521,1.73745464681996e-12,1.88337760144822e-10,"ENSG00000146373","RNF217"
669.394803070239,-1.94562831752354,0.224119252793732,2.15760447578799e-19,5.5183731141161e-17,"ENSG00000146592","CREB5"
12593.314252767,1.02559710801871,0.280287871888984,1.65507193920771e-05,0.000330565615623753,"ENSG00000147027","TMEM47"
453.233381160408,1.49323558395077,0.214223461256131,1.99195307381871e-13,2.44545439029143e-11,"ENSG00000147119","CHST7"
242.963444803174,1.38664524503649,0.289438638546378,9.45772220428103e-08,3.408296563441e-06,"ENSG00000147576","ADHFE1"
151.371616897987,-1.03694964554921,0.628550804020513,0.00344660126620065,0.0280961320571425,"ENSG00000147655","RSPO2"
517.027129854307,-1.38425756027487,0.287421550828217,8.34636242433242e-08,3.04956873103336e-06,"ENSG00000147883","CDKN2B"
743.999682318538,1.05342517799945,0.1705644448156,5.0601548133944e-11,3.98216884139563e-09,"ENSG00000148120","AOPEP"
11193.7231981539,1.43811584216842,0.0851388022202873,1.55285950467753e-65,1.42979538893184e-61,"ENSG00000148175","STOM"
1365.16397466345,-1.7480069600478,0.283455160663822,3.7093052520923e-11,3.02242726625131e-09,"ENSG00000148848","ADAM12"
2027.18420510953,1.89678888497971,0.254247016053872,4.82581176782321e-15,6.85546475463339e-13,"ENSG00000149218","ENDOD1"
648.748123860965,-1.28144076828293,0.345736349709157,1.118175335499e-05,0.000235059347068654,"ENSG00000149256","TENM4"
45.0596054072175,-1.78531443166015,0.673859856132258,0.000288281104631681,0.00379463655596312,"ENSG00000149403","GRIK4"
7792.45509748719,1.14448139091973,0.375192782046229,0.000160856487112409,0.00229982314454581,"ENSG00000149591","TAGLN"
241.894453674371,-1.38326315088027,0.287643528024425,8.20351765923414e-08,3.00333554065202e-06,"ENSG00000149633","KIAA1755"
41.651403552087,-1.97838945119999,0.660432742590192,0.000102931989607189,0.00157432939253853,"ENSG00000150594","ADRA2A"
678.867910303335,2.22573567595586,0.270909326081361,1.07911141522908e-17,2.18371831993885e-15,"ENSG00000150907","FOXO1"
1460.17591174986,1.56655999395735,0.179414573471195,1.54690601151313e-19,4.06946774314489e-17,"ENSG00000151726","ACSL1"
7.53317434146912,3.51056844433424,0.868852018815728,7.02804467245873e-06,0.000154995739692608,"ENSG00000152463","OLAH"
69.1117378773133,-1.26425031396143,0.20823064530259,8.51159042316888e-11,6.34578694909534e-09,"ENSG00000152495","CAMK4"
997.444732611474,4.58796524499136,0.212068213365351,9.24585530831346e-105,1.70262425502592e-100,"ENSG00000152583","SPARCL1"
45.6803014022667,3.80055402085077,0.688316320363146,1.72071216623578e-09,9.57308596411837e-08,"ENSG00000152779","SLC16A12"
1843.64210251282,1.20886878782241,0.236932878532083,2.17822744050283e-08,9.35013014379012e-07,"ENSG00000153207","AHCTF1"
3072.52278381816,1.17843026748018,0.339071776728621,3.05674646356916e-05,0.000556775332607578,"ENSG00000153904","DDAH1"
416.178934936918,1.00907931350435,0.265051022122001,9.78679262886399e-06,0.000209076318167669,"ENSG00000154127","UBASH3B"
153.557368049674,-1.27477264878152,0.322826129257671,4.23249363293931e-06,9.91620486648567e-05,"ENSG00000154263","ABCA10"
763.352669622408,-1.06010234795846,0.197944902486566,6.14054156560286e-09,2.97573876133096e-07,"ENSG00000154310","TNIK"
30315.1131700161,2.23485024514582,0.258630492081489,2.29780552481164e-19,5.79645051224744e-17,"ENSG00000154734","ADAMTS1"
3780.49568538734,1.96862095583182,0.430224991525326,2.57334105514668e-07,8.31369746149581e-06,"ENSG00000154736","ADAMTS5"
1452.40496387002,1.25245250403058,0.755457944374512,0.0029464996639975,0.0248442267914441,"ENSG00000154856","APCDD1"
153.233975152144,-2.09900615838994,0.844616019374671,0.000380807705041304,0.00477695768960192,"ENSG00000154864","PIEZO2"
670.046865009161,1.78471177980974,0.311541744639895,5.36075047356595e-10,3.33507499901071e-08,"ENSG00000154930","ACSS1"
12.1070483359893,-1.17933949093044,0.599413848508095,0.00211122972027766,0.0192142409144882,"ENSG00000155011","DKK2"
5654.02187573995,-1.14068407481694,0.162417766153224,1.50130419490225e-13,1.86027348596995e-11,"ENSG00000155130",NA
535.889217841704,1.15173549833509,0.329445218469065,2.75176296296686e-05,0.000509795925181436,"ENSG00000155324","GRAMD2B"
24.2882778293443,-3.57404904697697,0.884611771119965,2.22070990133204e-06,5.64839403771125e-05,"ENSG00000155897","ADCY8"
402.930033304417,-1.17538279142987,0.199429258067325,2.40172768588525e-10,1.60828419402098e-08,"ENSG00000155962","CLIC2"
1631.8741313659,1.38226381486191,0.369088780230708,9.59094288107609e-06,0.000205368852505833,"ENSG00000156675","RAB11FIP1"
167.615767587415,2.87687872821125,0.289636639020164,1.87411914421678e-24,8.41753757091512e-22,"ENSG00000157150","TIMP4"
49.9491137825046,3.4516308045724,0.441235787738009,3.70302461338052e-16,6.25607323444058e-14,"ENSG00000157152","SYN2"
3009.27287526155,1.94025927686677,0.223267088530565,2.0848604086036e-19,5.40742315837118e-17,"ENSG00000157214","STEAP2"
52.0691481246527,-2.01194894207709,0.388773311405854,1.13155986125557e-08,5.18350120522917e-07,"ENSG00000157368","IL34"
488.000363039249,1.64348154538412,0.219976245372621,4.79057834829732e-15,6.85546475463339e-13,"ENSG00000157510","AFAP1L1"
2205.71884823744,3.26431552119459,0.359269388162434,5.42918699386983e-21,1.75400839459847e-18,"ENSG00000157514","TSC22D3"
23.1712693632817,1.00408252663844,0.525268062505616,0.00255249240913523,0.0222979827866344,"ENSG00000158125","XDH"
70.3028660136772,2.28939165462772,0.232888409545678,6.55410435318987e-24,2.80683329451143e-21,"ENSG00000158246","TENT5B"
158.97923512716,1.27291957696783,0.219358627934193,4.40382557516091e-10,2.81584888772876e-08,"ENSG00000158716","DUSP23"
81.9429370730574,1.36331989235676,0.37271864058755,1.3173047574822e-05,0.000272257767778168,"ENSG00000158813","EDA"
924.31845141588,1.75254753041632,0.834615751498484,0.00105756294841133,0.0110340066260593,"ENSG00000159167","STC1"
14.1185093126775,-1.24542680301419,0.49962017892336,0.00062665198732007,0.00719887482626269,"ENSG00000159713","TPPP3"
14.6509596579192,-1.43512878657793,0.463409566353575,0.000112538134577152,0.00169589995764178,"ENSG00000160097","FNDC5"
42.1559705694256,-1.46735713644001,0.379611297495478,5.98134083581087e-06,0.000133835226599584,"ENSG00000160145","KALRN"
834.069633966776,1.09731224378442,0.321846800449086,3.91053477885903e-05,0.000689114812944393,"ENSG00000160200","CBS"
16.5436852829633,-1.09256645185722,0.680463130497113,0.00398735200774966,0.0313925127074433,"ENSG00000160223","ICOSLG"
64.1439737675728,1.37203304998897,0.273614024392626,3.50959667680486e-08,1.42985006202127e-06,"ENSG00000161267","BDH1"
489.570300375528,-1.10565996521326,0.296934341908433,1.19172282529002e-05,0.000248816052468431,"ENSG00000161381","PLXDC1"
166.341417002357,1.53465786023261,0.167281840214646,3.12061406520347e-21,1.06418718538374e-18,"ENSG00000161647","MPP3"
168.596870709815,1.2592734456043,0.158996188853693,1.66414179721699e-16,2.97525933939329e-14,"ENSG00000162426","SLC45A1"
1099.63807723644,1.34308348635531,0.793442514984171,0.00254850545014428,0.022273719916662,"ENSG00000162493","PDPN"
5393.11454093552,2.00818328725915,0.152500568920287,7.82699330625261e-41,1.31030983395129e-37,"ENSG00000162614","NEXN"
1467.63832301977,1.50204663666678,0.124139695400842,6.96286871931348e-35,9.15865910472555e-32,"ENSG00000162616","DNAJB4"
42.6470656443847,2.59046712653025,0.623733422249808,1.48551177791974e-06,3.9304165790793e-05,"ENSG00000162630","B3GALT2"
89.0649433045371,-1.51534925004265,0.240178418370753,1.79922170412941e-11,1.56286168309165e-09,"ENSG00000162643","DNAI3"
508.164810682556,-3.54905936048775,0.328627790720463,2.02700508371032e-28,1.5553041090219e-25,"ENSG00000162692","VCAM1"
373.512381807902,1.86128994566023,0.344122037674587,3.27657371496221e-09,1.68542192628573e-07,"ENSG00000162772","ATF3"
1588.44163127645,1.41538593034992,0.320548741519801,5.57467851155437e-07,1.65844434233075e-05,"ENSG00000162878","PKDCC"
89.4044039029013,1.54349270178155,0.471492975222776,4.80219047971997e-05,0.000818060478113258,"ENSG00000162998","FRZB"
1159.27296789865,1.27108818917456,0.931647484825761,0.00402789910661308,0.0316646912649719,"ENSG00000163017","ACTG2"
418.919472436378,3.38427413621836,0.698981704951049,5.34333579247877e-08,2.07589722823832e-06,"ENSG00000163083","INHBB"
1314.18347975196,1.55157320559564,0.172907646526441,1.76347223182621e-20,5.15465732525073e-18,"ENSG00000163110","PDLIM5"
1357.57299789907,1.40442982017374,0.2955177953894,1.14984330154476e-07,4.09562174041522e-06,"ENSG00000163171","CDC42EP3"
54.2584482235687,2.34553053760819,0.40878370568374,4.7909382002102e-10,3.02140845742708e-08,"ENSG00000163251","FZD5"
1805.28792859584,1.21741606441839,0.179394308342889,7.97998311668592e-13,9.242225729168e-11,"ENSG00000163378","EOGT"
4934.7292907592,1.03859171173615,0.268598475905395,7.44612860911938e-06,0.000163238640877302,"ENSG00000163431","LMOD1"
45.7488367839578,-1.3358177277425,0.534597561106667,0.000499805571000775,0.00597992437621197,"ENSG00000163485","ADORA1"
160.223339782888,-2.42674345826525,0.239522699357645,1.66666316419754e-25,8.76902919105651e-23,"ENSG00000163491","NEK10"
13216.63240217,1.41551631769131,0.175689553076244,5.05137122316946e-17,9.68968761194433e-15,"ENSG00000163513","TGFBR2"
8565.67576080715,2.14948842221309,0.33607263315689,1.00758165214682e-11,9.23115230063864e-10,"ENSG00000163661","PTX3"
2266.27531330114,1.06196091944592,0.10645045807092,1.55698347004333e-24,7.35175656431998e-22,"ENSG00000163697","APBB2"
102.824414540975,1.33309387662434,0.353115026577184,8.54393150916961e-06,0.000184884252340021,"ENSG00000163803","PLB1"
10.4575502491842,-1.31225471945195,0.726371925878502,0.00252767478324078,0.0221537731695783,"ENSG00000163823","CCR1"
561.111048261822,4.50835323736241,0.415896784928502,1.08105472767259e-28,8.6554881783003e-26,"ENSG00000163884","KLF15"
591.680867512758,-1.20235735004694,0.252188766755542,1.17837351506741e-07,4.18106903274881e-06,"ENSG00000164070","HSPA4L"
1065.1796658589,1.17873374227286,0.203036213406539,4.39827313396463e-10,2.81584888772876e-08,"ENSG00000164104","HMGB2"
538.511069195385,1.18950616442488,0.168594732284825,1.19923649737079e-13,1.5125986369235e-11,"ENSG00000164105","SAP30"
26.2834680209629,1.08446659240697,0.624932892518507,0.00301510160623322,0.0252722330809216,"ENSG00000164106","SCRG1"
19.155848874141,1.16799188010382,1.06486551163407,0.00556454977758296,0.0404544745969957,"ENSG00000164122","ASB5"
5596.3514152391,1.10968901893234,0.0986642598993563,2.05623714568269e-30,1.89328035188734e-27,"ENSG00000164125","GASK1B"
6.9057497110185,1.55849982936784,0.90673053402654,0.00292952830464447,0.0247476836534625,"ENSG00000164142","FHIP1A"
884.925838449291,1.04453314999454,0.21999747672708,1.47666142607072e-07,5.08275143197989e-06,"ENSG00000164330","EBF1"
7510.49639231427,1.52788118815706,0.273368056661212,1.24446882721634e-09,7.20657026829842e-08,"ENSG00000164442","CITED2"
816.7876386142,-1.18928559431609,0.126667894643567,4.29294317549583e-22,1.58109097153511e-19,"ENSG00000164484","TMEM200A"
553.26611920588,-1.29435922639551,0.369922443897309,2.47917948269329e-05,0.000467767317354477,"ENSG00000164619","BMPER"
1920.71084944799,1.53246325449323,0.142074864908986,2.48995707502612e-28,1.83410238146424e-25,"ENSG00000164647","STEAP1"
7614.29076464117,-1.37293436620251,0.3629328299871,7.90081307096356e-06,0.000171978100120324,"ENSG00000164761","TNFRSF11B"
1429.95119544851,1.08526236922046,0.206212640119006,1.01824385413431e-08,4.6994888656349e-07,"ENSG00000165030","NFIL3"
641.088830295859,1.61614025128242,1.00747648955166,0.00245752657741178,0.02166982314669,"ENSG00000165072","MAMDC2"
33.6344110705797,-1.26431118231001,0.781105106788446,0.00312391402107473,0.0259715018953007,"ENSG00000165105","RASEF"
29.8611639797166,1.35720519730104,0.610497293908948,0.000976175963514537,0.0103550002120508,"ENSG00000165125","TRPV6"
138.5709006117,-2.83482163991657,0.467068776276763,6.22870761229128e-11,4.77923544501433e-09,"ENSG00000165272","AQP3"
13.1881448925174,-2.14640613588273,1.06227321244591,0.00115482355099616,0.0118606110940292,"ENSG00000165388",NA
15.3546494721503,-1.96760789124695,0.564060026981208,2.18541292794697e-05,0.000420526427044341,"ENSG00000165495","PKNOX2"
18353.5589923275,1.51537158603656,0.278001018924418,2.20281559684706e-09,1.18958502099527e-07,"ENSG00000165507","DEPP1"
39.9867489809378,-1.30655864267239,0.389537848283506,4.35531066878717e-05,0.000755919377622202,"ENSG00000165891","E2F7"
108.535420853438,-1.1788618787293,0.322574556926302,1.5002235337191e-05,0.000304593344800851,"ENSG00000165895","ARHGAP42"
27.8518859668095,1.55698569654726,0.582942924185188,0.000289525045618175,0.00380828836789907,"ENSG00000165899","OTOGL"
495.095686525811,3.24328627619667,0.311240850072654,1.00496875101447e-26,5.969838564494e-24,"ENSG00000165995","CACNB2"
38.5174899963026,1.04367706913025,0.511455102390899,0.00181767429286521,0.0169911025904127,"ENSG00000166292","TMEM100"
146.321471745754,-1.08101741600904,0.472598675811917,0.000996342195718822,0.0105325152320104,"ENSG00000166473","PKD1L2"
105.621519715087,-1.38053801617734,0.321528776907458,8.96489849595292e-07,2.49755833287402e-05,"ENSG00000166592","RRAD"
7.56977942306561,-2.11765843278265,1.06793486442749,0.00175856989484159,0.0165224685004784,"ENSG00000166670","MMP10"
7432.96098233325,2.12923284093617,0.178656342264961,3.94760242386424e-34,4.54344366471625e-31,"ENSG00000166741","NNMT"
15.0252814715236,-1.26118276914978,0.709954247678551,0.00242665210504621,0.0214737138464325,"ENSG00000166762","CATSPER2"
139.258057333942,-1.1450067014419,0.265616541417823,9.87825818775046e-07,2.70696613880096e-05,"ENSG00000166793","YPEL4"
4198.98318522714,1.02456356594454,0.191675110753965,6.62675373362954e-09,3.17790807304136e-07,"ENSG00000166825","ANPEP"
130.591215090375,1.26449204744662,0.265533900965129,1.17073368795155e-07,4.16198086170421e-06,"ENSG00000166979","EVA1C"
2745.7420434188,1.76641946997432,0.353625383296156,3.15837770570751e-08,1.30115269464438e-06,"ENSG00000167191","GPRC5B"
1996.39680069426,2.29552628823815,0.289958703999049,1.27509260311534e-16,2.34808302863689e-14,"ENSG00000167549","CORO6"
9310.09165043078,-1.10686383549843,0.238785555158469,2.18504414311021e-07,7.15971314864316e-06,"ENSG00000167552","TUBA1A"
231.672665874094,2.69176702512518,0.453508718260905,1.42037422288677e-10,9.90764822517416e-09,"ENSG00000167641","PPP1R14A"
61.5053014055689,1.58134482231713,0.74801372465072,0.0010874803756047,0.0113091534654754,"ENSG00000167642","SPINT2"
624.068561705624,1.08438926867688,0.193660630045145,1.58341564171319e-09,8.88981678114281e-08,"ENSG00000167645","YIF1B"
45.611108328419,-1.33069524744223,0.266572600526552,4.18940379278246e-08,1.67348960616245e-06,"ENSG00000167771","RCOR2"
251.542182012273,-1.39336182310102,0.297988782282079,1.63150651063839e-07,5.57406166853543e-06,"ENSG00000167992","VWCE"
159.530276360668,4.16653376449588,1.17262788148477,1.15992857530592e-05,0.000243004376726491,"ENSG00000168309","FAM107A"
5604.03360684726,-1.86856290003888,0.334560362636802,9.77729047067794e-10,5.86478188982197e-08,"ENSG00000168398","BDKRB2"
21.0039327564639,4.56064756720617,0.879646842215746,2.05535406125779e-08,8.84330491543507e-07,"ENSG00000168481","LGI3"
382.017664708123,1.21539937800425,0.240030482764106,2.62565818980593e-08,1.09145588183468e-06,"ENSG00000168556","ING2"
218.3476228313,1.7072922601484,0.316547170013643,3.75932458201063e-09,1.9071063960806e-07,"ENSG00000168621","GDNF"
316.537654268164,1.08290618859552,0.243531316648335,5.85345135282638e-07,1.72742478625477e-05,"ENSG00000168646","AXIN2"
36.0799212868398,-1.7049426981532,0.53169588383643,5.96385752554449e-05,0.000987629823137606,"ENSG00000168811","IL12A"
16.1499135590953,-1.81436574375721,0.555905927622314,5.35547726399052e-05,0.000896555580148959,"ENSG00000168918","INPP5D"
1328.00667365707,1.32323586935982,0.217824533344114,7.901769084015e-11,5.91508445862342e-09,"ENSG00000168994","PXDC1"
44.8711687749684,1.87426821575749,0.470900912998272,3.36200096837272e-06,8.16771079585535e-05,"ENSG00000169031","COL4A3"
10.2480487467381,-1.3127746604191,0.938556133690945,0.00408776507546409,0.0319644135306459,"ENSG00000169129","AFAP1L2"
643.19435301813,1.25280849988959,0.264358004995476,1.32406824622624e-07,4.63549748179774e-06,"ENSG00000169218","RSPO1"
82.8298565783954,2.19382607463199,0.486448445237618,3.0678785251252e-07,9.67379846578436e-06,"ENSG00000169271","HSPB3"
554.197192328851,2.11763670575548,0.256484759265949,8.28233882113997e-18,1.71369965608194e-15,"ENSG00000169715","MT1E"
627.449398995589,2.09822864955213,0.240093656287898,1.27379318359871e-19,3.44954433470151e-17,"ENSG00000169738","DCXR"
616.840955382529,-1.27181777291967,0.182451395043967,2.08841065752853e-13,2.54689286479389e-11,"ENSG00000169744","LDB2"
73.6746294601885,1.41086553289453,0.23139146615821,6.65373868875526e-11,5.04232913388593e-09,"ENSG00000169750","RAC3"
1727.80413612155,-1.05978489202314,0.210932127082455,3.61566521818839e-08,1.46981180999866e-06,"ENSG00000169855","ROBO1"
952.845886251463,1.09286411738231,0.221860947397777,5.85996400809666e-08,2.24815077518958e-06,"ENSG00000169908","TM4SF1"
201.577369495195,3.55348353884741,0.48791148246959,1.6650472022126e-14,2.19013173062465e-12,"ENSG00000170214","ADRA1B"
8.79470657325092,2.84256087139576,1.16145337256085,0.000549561347839548,0.00644256753555649,"ENSG00000170323","FABP4"
287.525215625149,1.07237820240098,0.255390894678816,1.85196449684311e-06,4.79661409414427e-05,"ENSG00000170485","NPAS2"
2121.06225268788,-1.05565042123622,0.287832671988299,1.54220561174958e-05,0.00031037941355594,"ENSG00000170624","SGCD"
1487.26194884797,1.53546910060631,0.686867539186786,0.000870917350933592,0.00941193839051766,"ENSG00000170873","MTSS1"
241.926412638281,-1.40739721398791,0.235275590946848,1.42801749632828e-10,9.92337441316423e-09,"ENSG00000170989","S1PR1"
245.152985156536,-1.14268049662775,0.369718449434127,0.000108403365539259,0.00164300244971642,"ENSG00000171033","PKIA"
401.591844664341,-1.11189691627243,0.2154843929913,1.6988031875774e-08,7.48408150699469e-07,"ENSG00000171132","PRKCE"
14.6397787929251,-1.39359291935469,1.04371197165857,0.00382558283734775,0.0303394091084233,"ENSG00000171227","TMEM37"
119.492843287514,1.11552620731956,0.57402850295208,0.00207081230641046,0.018906300754858,"ENSG00000171385","KCND3"
35.2184287096715,-1.70582448093296,0.506398605758152,3.41449645647059e-05,0.000610497293716889,"ENSG00000171509","RXFP1"
710.664322978832,-1.12231111127609,0.253554160993646,6.29834427381333e-07,1.83519002851697e-05,"ENSG00000171617","ENC1"
688.140766747762,1.47568606457536,0.234109791616223,1.75367762454695e-11,1.54516619406852e-09,"ENSG00000171793","CTPS1"
254.882598741171,5.01456987583164,1.57555778063694,3.34140091981995e-05,0.000600311199399847,"ENSG00000171819","ANGPTL7"
91.1571869867535,-1.20240321907671,0.257933017516268,1.9362956702764e-07,6.42466392218737e-06,"ENSG00000171877","FRMD5"
1335.0168908566,1.29365283307148,0.376783013419009,3.30184166940698e-05,0.000597283048547441,"ENSG00000172260","NEGR1"
18.930254444633,1.20599267087737,1.50703040350274,0.00604434789362143,0.0431150249776347,"ENSG00000172399","MYOZ2"
8014.79636483276,1.6403277146671,0.261225292012087,1.53581927071385e-11,1.36628559759399e-09,"ENSG00000172403","SYNPO2"
22.9676734512283,-1.41493331087909,0.505797045545653,0.000243989007797944,0.00328920759780317,"ENSG00000172497","ACOT12"
5.81975935491294,1.17818302164981,1.1339322793819,0.00722206324746722,0.0494954576487193,"ENSG00000172602","RND1"
50.8391641698733,-1.51866520820308,0.480116737775021,7.46263927978094e-05,0.00119085357311236,"ENSG00000172738","TMEM217"
6.8845269625927,-1.19204033035777,0.891370053184852,0.00532113915321327,0.0391328983651847,"ENSG00000172828","CES3"
756.360325010941,-1.53778522128455,0.161331010163322,8.6280166675982e-23,3.24254952926165e-20,"ENSG00000172986","GXYLT2"
13.4569152475954,-2.45773001441756,0.554756917750708,6.34842130356996e-07,1.84685905695483e-05,"ENSG00000173110","HSPA6"
47.3529312582661,3.78778001239595,0.437660055334854,4.44958836612386e-19,1.07814697055488e-16,"ENSG00000173838","MARCHF10"
992.657155958414,1.14381797634111,0.25143706284826,3.5637240358761e-07,1.10117187559118e-05,"ENSG00000173918","C1QTNF1"
78.030910778508,-1.11204409725386,0.280083117782266,4.63453579925942e-06,0.000107352172004229,"ENSG00000173947","CIMAP3"
3234.84552730351,1.11551704369149,0.128932257871498,3.87413761976757e-19,9.51229923573597e-17,"ENSG00000174306","ZHX3"
10584.2528711225,1.32553231143067,0.210136117967786,1.83793389507428e-11,1.58899308346445e-09,"ENSG00000174437","ATP2A2"
14.3888594220334,2.83535372520528,0.635412454647231,5.1639980553625e-07,1.54124836611832e-05,"ENSG00000174680",NA
115.96591423188,2.96380710494089,0.621894392244059,8.4023925187027e-08,3.06396154914674e-06,"ENSG00000174697","LEP"
21.3632883755612,1.39394785892186,0.410730010366319,3.61785147665911e-05,0.000642049139195549,"ENSG00000174944","P2RY14"
620.187452036512,-1.08303735555707,0.179104971147051,1.08432447766515e-10,7.95531285107715e-09,"ENSG00000175130","MARCKSL1"
158.252276746404,1.51522296502394,0.514083550771463,0.000137939779368945,0.00202510231089392,"ENSG00000175471","MCTP1"
9.24960439883729,-2.93295499045167,0.887720755382063,5.11063606212937e-05,0.000862624776206345,"ENSG00000175489","LRRC25"
105.055832619948,-1.07525564691708,0.270210435802207,4.3134314627255e-06,0.000100419520083552,"ENSG00000175538","KCNE3"
220.059925106794,1.07476983155485,0.189359921673439,1.01914482754005e-09,6.05404903198388e-08,"ENSG00000175741",NA
11.3933402427726,-1.69984406522005,0.742572028155598,0.000889257579659694,0.00958202359826405,"ENSG00000175928","LRRN1"
145.131631357786,-1.06144507011018,0.238415273936557,6.17957931410484e-07,1.809172544821e-05,"ENSG00000176293","ZNF135"
107.651022394312,-2.13051864632782,0.291924221828085,1.49215178167088e-14,1.97683273809132e-12,"ENSG00000176771","NCKAP5"
260.113412949137,1.66543063399844,0.565121584631755,0.000132421402696475,0.00195083210452447,"ENSG00000176928","GCNT4"
2618.72488012087,1.18140767523121,0.259142289799152,3.29895752009214e-07,1.03492849629466e-05,"ENSG00000176971","FIBIN"
115.085150181609,2.40802770246844,0.280178010854808,5.30361159106343e-19,1.2683897071355e-16,"ENSG00000177283","FZD8"
102.120903759786,-1.88706878499953,0.383608841531203,3.92007260007397e-08,1.57960912320267e-06,"ENSG00000177570","SAMD12"
10.1021614404928,4.00319755462121,0.926651358421851,2.05692701838985e-06,5.2828885695466e-05,"ENSG00000177575","CD163"
133.149204675085,-2.37721597960837,0.352282352317609,9.16909019889154e-13,1.04227651859622e-10,"ENSG00000177614","PGBD5"
1701.23183704411,1.08695820183793,0.105752901834801,7.13300419488517e-26,3.86336094849443e-23,"ENSG00000177666","PNPLA2"
751.373019489767,1.07060495680987,0.155471819118865,4.34434274427501e-13,5.19487478154703e-11,"ENSG00000177674","AGTRAP"
22.9769906583041,2.36366972422987,0.563383881026888,1.3202308300013e-06,3.53372830442935e-05,"ENSG00000178015","GPR150"
37.9029372074625,-1.10842135303846,0.354919360458712,9.94329309475196e-05,0.00152588118616548,"ENSG00000178662","CSRNP3"
2649.82251474546,-2.47403699961491,0.179688602265611,2.26669605815738e-44,4.63791199010757e-41,"ENSG00000178695","KCTD12"
34.4928481345877,3.44653796578959,0.553907340175827,2.5949253631741e-11,2.17207048012959e-09,"ENSG00000178723","GLULP4"
14.3864056543608,-1.29501398891419,0.573132604787392,0.0010366940826118,0.0108655216455869,"ENSG00000178734","LMO7DN"
776.600164098613,3.15883391236925,0.202250132856632,3.10284782938911e-56,1.90463142594002e-52,"ENSG00000179094","PER1"
68.2349431313031,2.71662141773284,0.688351603365309,3.14061258842227e-06,7.70098279837498e-05,"ENSG00000179300","RTL3"
47.7434578840788,-1.6498110461352,0.446416071755577,1.05796322673615e-05,0.00022367844799479,"ENSG00000179388","EGR3"
67.2428116114968,11.01586222106,2.95154967845012,1.098217513237e-18,2.49675006250117e-16,"ENSG00000179593","ALOX15B"
3784.34277701728,1.43814647737019,0.19990484920665,3.85059866603644e-14,4.95865555489937e-12,"ENSG00000179820","MYADM"
55.1845099880075,1.28656252505051,0.36901339125343,2.6242787529071e-05,0.000490122649440002,"ENSG00000179862","CITED4"
22.23619107528,1.16605335351191,0.575483879909549,0.00175108366054869,0.0164689507706865,"ENSG00000180139","ACTA2-AS1"
133.2480638932,1.14262367714643,0.327735178907448,2.82245894269065e-05,0.000521843187044662,"ENSG00000180672",NA
2420.90800173908,1.18526162662533,0.1292558874784,3.46466341509316e-21,1.16003230525346e-18,"ENSG00000181061","HIGD1A"
630.869571252005,-1.25170244703766,0.119206352431448,6.20462628667378e-27,3.93993769203785e-24,"ENSG00000181467","RAP2B"
26.8280741823944,-2.39270405250096,0.529052270752597,3.42696284675549e-07,1.06780915098143e-05,"ENSG00000181634","TNFSF15"
118.3057488985,-1.83310529494833,0.259370239018925,9.25773608029081e-14,1.17573248219693e-11,"ENSG00000182010","RTKN2"
978.405343529915,1.07789997130648,0.173245603464248,3.66371505064091e-11,2.99854722922455e-09,"ENSG00000182552","RWDD4"
426.1229140081,-1.32415138521452,0.314914817003977,1.44951271092272e-06,3.84622140801756e-05,"ENSG00000182580","EPHB3"
5.22394214557759,-1.99129709848382,0.887977834869034,0.00134049000343877,0.0133433099531486,"ENSG00000182732","RGS6"
24.8480423376056,2.82423819442384,0.901236019478642,6.00374560669412e-05,0.000992450407067076,"ENSG00000182836","PLCXD3"
498.690254503353,1.14319508393852,0.097669401533897,9.14677113632775e-33,9.9081053220868e-30,"ENSG00000183044","ABAT"
4.67306085602353,-2.50224614142856,1.22073311286486,0.00187664483218501,0.0174361324847058,"ENSG00000183092","BEGAIN"
2987.64727922828,-1.14912989989758,0.112963256548043,1.98796747376579e-25,1.01690058414992e-22,"ENSG00000183160","TMEM119"
5.80409129264891,-3.60443412279865,1.26883248168004,0.000316181866474547,0.00407167067911104,"ENSG00000183454","GRIN2A"
171.525899913249,-1.43754843347873,0.413884303683752,2.45867919394764e-05,0.000464851923578498,"ENSG00000183496","MEX3B"
90.0350688619864,-2.3765449397847,0.337967654463443,1.50519005924259e-13,1.86027348596995e-11,"ENSG00000183508","TENT5C"
193.710165838978,-1.39506195618629,0.461986912607681,0.000114043659485064,0.00171275059313936,"ENSG00000183876","ARSI"
16.2913207397899,2.23845543259039,0.598461407334446,9.32275945957591e-06,0.000200559130196367,"ENSG00000184156","KCNQ3"
101.191575318095,1.55497997977391,0.375403042154452,1.73789492616194e-06,4.52663862309366e-05,"ENSG00000184307","ZDHHC23"
43.2167565534767,-2.6281789701759,0.726804523734714,1.35940112803055e-05,0.000279702477907067,"ENSG00000184564","SLITRK6"
648.338500370493,1.24617559033643,0.1904610415502,4.11027960727114e-12,4.06939779397301e-10,"ENSG00000185022","MAFF"
706.040640843534,1.07835726213878,0.323550504396531,5.19224635665006e-05,0.000875597222140209,"ENSG00000185112","FAM43A"
222.261620507952,-1.0089317109262,0.325575314358594,0.000119850198992206,0.00178362678109776,"ENSG00000185338","SOCS1"
3885.65647195502,2.26873530010824,0.262404597765566,2.8812566290775e-19,7.17004605735974e-17,"ENSG00000185432","TMT1A"
237.71394326956,-1.46955309422996,0.372416586861224,3.84831338740283e-06,9.18367325748008e-05,"ENSG00000185745","IFIT1"
468.253700030145,1.08264670460432,0.157188982097253,4.22561610546668e-13,5.08592944981496e-11,"ENSG00000185813","PCYT2"
1974.87889005049,2.12233618524023,0.213598034301725,1.61167358512862e-24,7.41974226753588e-22,"ENSG00000185950","IRS2"
13.4504574527888,-1.01361523588316,0.547865386254122,0.0030374901067127,0.0254136212244954,"ENSG00000185972","CCIN"
52.6272144869608,-1.31247735268364,0.485749635849381,0.000300175811972612,0.00391258211646365,"ENSG00000186198","SLC51B"
5.03984216022001,-1.47105939361173,0.979048666597508,0.00457981167970647,0.0348645027208742,"ENSG00000186998","EMID1"
37.3833061453583,3.08150288631426,0.383693296531443,7.28901758392479e-17,1.38378617327809e-14,"ENSG00000187193","MT1X"
22.4448556240806,3.56428641675565,0.651115247374457,2.89333667977138e-09,1.5051072022031e-07,"ENSG00000187288","CIDEC"
2283.82730989972,1.25450931868969,0.25511286334868,5.62257498895952e-08,2.16610289585125e-06,"ENSG00000187498","COL4A1"
56.145889280883,-2.72394332871795,0.727605806595806,6.50612248640749e-06,0.000144349693478547,"ENSG00000188176","SMTNL2"
76.9541915151675,-1.21731676793828,0.26984758188361,3.85268350226493e-07,1.17852436369117e-05,"ENSG00000188312","CENPP"
7.45180015439393,-2.47330890486536,0.807378924218917,0.000144693486185442,0.00211135542639058,"ENSG00000188501","LCTL"
8.6825047864436,-1.77296845011283,0.788635268532401,0.000912890243447447,0.00976241221433492,"ENSG00000188536","HBA2"
53.1581029233325,2.16457324737983,0.657282995991821,3.8486366315926e-05,0.000679507608540533,"ENSG00000188916","INSYN2A"
169.746501137778,-1.00959062388629,0.214654749710323,1.9174774402205e-07,6.40841144494746e-06,"ENSG00000189007","ADAT2"
2341.78067569054,3.27421445376874,0.229020041148793,1.30952913331622e-47,3.44499699857401e-44,"ENSG00000189221","MAOA"
242.43974025819,-1.29399022347066,0.232145493182706,1.57278809112536e-09,8.85715373029773e-08,"ENSG00000196155","PLEKHG4"
27.9638685149155,1.00528566578301,0.542471175309016,0.00276905481798287,0.023794747770954,"ENSG00000196196","HRCT1"
7908.08670681921,-1.04843691670583,0.265956127706936,5.24343001305306e-06,0.000120096721007925,"ENSG00000196230","TUBB"
988.841982921031,1.00170069543784,0.178004909608167,1.45399013946282e-09,8.3120588572359e-08,"ENSG00000196507","TCEAL3"
229.638049919376,-2.19213377976875,0.16735425034257,2.69074302059781e-40,4.1291693936924e-37,"ENSG00000196517","SLC6A9"
17178.4005648725,1.99101184866742,0.300553532133129,2.16065890892322e-12,2.27363050330406e-10,"ENSG00000196569","LAMA2"
46331.4608875205,1.13662225467255,0.197740497411451,7.05547464055506e-10,4.33088551686072e-08,"ENSG00000196616","ADH1B"
520.926171084248,1.12425158229972,0.18957890451864,2.14756591804509e-10,1.4593146265978e-08,"ENSG00000196850","PPTC7"
68.8282280672939,-1.98922013176463,0.300502079383114,2.29634720499261e-12,2.38120080106732e-10,"ENSG00000196932","TMEM26"
808.739883006461,-1.13358069441847,0.242588716433572,1.93459961167967e-07,6.42466392218737e-06,"ENSG00000196950","SLC39A10"
4908.81788741262,1.16723350831637,0.132788951428209,1.16618142609836e-19,3.20525835247781e-17,"ENSG00000196975","ANXA4"
4.93633951502668,-1.89338921068315,1.0932891338,0.00301800115088589,0.0252850278405658,"ENSG00000197046","SIGLEC15"
18.1130384714363,1.33607283309054,0.804410190999121,0.00293881497626222,0.0248021438074559,"ENSG00000197210",NA
209.371085229787,2.22191500410506,0.330205628161952,8.42802110062422e-13,9.70012553549969e-11,"ENSG00000197301","HMGA2-AS1"
1969.04008868001,1.98729141422832,0.650214978464844,8.64477842374869e-05,0.00135637309291079,"ENSG00000197381","ADARB1"
665.058706074341,1.06087940427383,0.466010240823422,0.00110060239366219,0.0113998275837342,"ENSG00000197594","ENPP1"
21.5353661062071,1.23791107639235,0.624712401773622,0.00177862364953187,0.0166683737944679,"ENSG00000197943","PLCG2"
41.0023438855144,1.21011877020626,0.420637270109738,0.000209934032421451,0.00289149978088334,"ENSG00000198108","CHSY3"
9.82983607440763,-1.04750862427714,0.614912082537066,0.00375056877474939,0.0298602351867748,"ENSG00000198203","SULT1C2"
22734.5766088759,1.49764232893816,0.203575900061674,1.19722154275054e-14,1.62109078748171e-12,"ENSG00000198431","TXNRD1"
2057.20440873193,2.85222480089458,0.25252315083595,7.35847890250998e-31,7.13191520998533e-28,"ENSG00000198624","CCDC69"
13.8566753462816,-1.12764744433222,0.615342352724027,0.002631846360002,0.0229009795911286,"ENSG00000198944","SOWAHA"
8.00352163341268,2.5234394540315,0.813807686117102,0.000110923995164621,0.00167706516498891,"ENSG00000203685","STUM"
588.217370799329,-1.33239499468283,0.200195456038373,1.74888715638146e-12,1.88337760144822e-10,"ENSG00000205208","C4orf46"
387.915257638184,-1.04215238750189,0.216253154445874,1.03035355624268e-07,3.6771241740715e-06,"ENSG00000205213","LGR4"
52.271046309327,2.35548633915011,0.440076266091217,4.41028162179634e-09,2.1950090828481e-07,"ENSG00000205364","MT1M"
1601.03584426828,-1.1120321567706,0.176292237739703,2.01252666335453e-11,1.71577215304045e-09,"ENSG00000205978","NYNRIN"
193.292889933886,-1.05348381270456,0.215819470689348,7.74038344459686e-08,2.85078322264502e-06,"ENSG00000206052","DOK6"
11.1291277867445,-2.19769029344776,0.692009252443317,6.71903847802973e-05,0.00109788015592651,"ENSG00000206172","HBA1"
290.889506611127,1.12777958408642,0.335949058867641,4.59551105176347e-05,0.000787954711529091,"ENSG00000206190","ATP10A"
12754.9344048327,1.26867143221981,0.234006460002541,3.79144064695893e-09,1.91285971270544e-07,"ENSG00000206538","VGLL3"
12285.7000547124,3.67478071783855,0.380518568012564,3.01569612221618e-23,1.20726182805676e-20,"ENSG00000211445","GPX3"
662.63316137939,1.40016605697652,0.355559537735049,4.36212302546479e-06,0.000101296967861203,"ENSG00000211448","DIO2"
10.9421757558928,-1.15948020715794,0.689734120776605,0.00345613236548031,0.0281489064618841,"ENSG00000211574","MIR770"
203.848539203316,1.50098878717365,0.341133126426173,5.87824415562796e-07,1.73196585801422e-05,"ENSG00000213160","KLHL23"
14.3507751170312,1.14431749189053,0.645772194634568,0.00275408032309142,0.0236881780241609,"ENSG00000213402","PTPRCAP"
15.8713469673547,-1.15140829683748,0.543836399728793,0.00150907591359818,0.01464925300417,"ENSG00000213420","GPC2"
4674.62959092944,1.17806044414821,0.414157881305444,0.000239079988912803,0.00323012325446022,"ENSG00000213626","LBH"
3975.42751178919,1.00580547894803,0.198881468979033,3.22817108483341e-08,1.32398152621842e-06,"ENSG00000213639","PPP1CB"
32.5538782535638,1.14627586728541,0.363366764189883,9.55082322433694e-05,0.00147921286523267,"ENSG00000213763",NA
14.5248225741433,-1.0518213962628,0.543245811551849,0.00232041099210572,0.0206826565438658,"ENSG00000214212","C19orf38"
62.0381840241942,1.038632173923,0.226935149647391,3.4020274023636e-07,1.06363895780179e-05,"ENSG00000214274","ANG"
243.273277090711,-3.01270360978639,0.48257230410124,1.96135870077238e-11,1.68777665769736e-09,"ENSG00000214814","FER1L6"
628.402490795737,1.02303407689289,0.195272387802261,1.21909359892827e-08,5.51587435485604e-07,"ENSG00000214944","ARHGEF28"
6.92767301176962,1.77194476102217,0.986492081968901,0.00226754822076496,0.0203487371802711,"ENSG00000215018","COL28A1"
101.441265947275,-1.30035762762589,0.234264334176823,1.62925449296093e-09,9.11936823339682e-08,"ENSG00000215386","MIR99AHG"
10.2941847110896,2.12146683311021,0.77288709217988,0.000265506684752481,0.0035352896599544,"ENSG00000215481",NA
5.21232379167884,3.06641874740502,1.14594228308097,0.000516116182328922,0.00613852823275973,"ENSG00000219565",NA
1963.57514702786,1.46615743748042,0.162997325225847,1.53265623624137e-20,4.62686304760408e-18,"ENSG00000221869","CEBPD"
40.2754316755108,1.04559283666741,0.320239269299845,7.15515811866083e-05,0.00115580909434333,"ENSG00000223401",NA
6.19628354728014,-1.12419118269736,0.984294613568305,0.00685748352406108,0.0475812204580199,"ENSG00000223458",NA
25.8912804732707,-1.52736980344065,0.477329352283387,6.84418102350151e-05,0.00111437306408294,"ENSG00000223764","LINC02593"
6.94692444054012,-1.31098713936635,0.886868754683476,0.00441308828395349,0.0338753733843283,"ENSG00000223802","CERS1"
5.68496595888995,-2.13776861490288,1.06075551626942,0.00203566958715894,0.0186409027585937,"ENSG00000223811",NA
17.3539296149798,-1.57498483636527,0.494153315881087,7.34561436844135e-05,0.00117757530566418,"ENSG00000223949","ROR1-AS1"
9.11021741192982,1.94598557711571,0.664603212945183,0.000168607292743535,0.00239206725413883,"ENSG00000224080",NA
46.2853640928895,1.0235852400021,0.71312992048496,0.0048723745995166,0.0366223584694279,"ENSG00000224124",NA
5.64654810059119,-1.63564485255556,1.06312234329424,0.00391149284455809,0.0309274970942624,"ENSG00000225217","HSPA7"
8.27388504113067,1.24778481368748,0.901585725674587,0.00475800075347375,0.035968219981617,"ENSG00000225383","SFTA1P"
565.934634109928,-1.29698207137245,0.335159014880659,5.96142541820615e-06,0.000133551884521005,"ENSG00000225415",NA
69.7496343195527,-1.46726269654148,0.635987064465702,0.000756666475478717,0.00842443358279358,"ENSG00000225783","MIAT"
506.829471622505,1.21782295651189,0.241191997080402,2.84167943069256e-08,1.17594442058884e-06,"ENSG00000226121",NA
6.36701928860477,1.97912119726826,0.926840714617498,0.00134893576629498,0.013406283712281,"ENSG00000226887","ERVMER34-1"
220.817719307965,1.0889796929963,0.182907276695955,1.88684549426226e-10,1.28689851025332e-08,"ENSG00000226950","DANCR"
4615.70080486906,-1.1226642797975,0.126884166865774,8.29454478514247e-20,2.31430366997574e-17,"ENSG00000227051","C14orf132"
6.17058550366688,-1.2309108628562,0.886925481339969,0.00529383300730133,0.0389787824188141,"ENSG00000227120",NA
22.4117295944599,-1.35310327176557,0.40702097119199,4.93537929991555e-05,0.000837649859981059,"ENSG00000227268","KLLN"
7.94982443803612,-1.31510115125465,0.74391530022739,0.00279275081614723,0.0239608742269886,"ENSG00000228798",NA
12.6064594944092,-1.08183601223973,0.55611218533845,0.00222313313768145,0.0199995098829525,"ENSG00000229116",NA
747.114560195512,1.02289952778262,0.181078950389591,1.23893387418162e-09,7.20657026829842e-08,"ENSG00000229644","NAMPTP1"
5.0442113174197,2.38069829933285,0.962453932572957,0.000791832166076341,0.00875245458481142,"ENSG00000229647","MYOSLID"
41.519428327209,2.20052432542731,0.516070808120383,8.95664350146152e-07,2.49755833287402e-05,"ENSG00000230018","PPIAP39"
33.4410126094382,-1.42104699419105,0.351076989980343,3.27911145252814e-06,7.99799170838485e-05,"ENSG00000230417","LINC00595"
5.97046959812093,2.98586002247985,0.958790625205355,0.000146958864191207,0.00213771348875271,"ENSG00000231246","LINC02884"
77.6315991325697,3.36697830830556,0.435944690366333,5.92153037972591e-16,9.48217234283936e-14,"ENSG00000233117",NA
71.4228257725772,-1.59408784946713,0.366520865897956,7.24820877411752e-07,2.06299481569357e-05,"ENSG00000235109","ZSCAN31"
28.1190025042341,-1.97419946807536,0.402804605463982,4.93423216258097e-08,1.94491400657936e-06,"ENSG00000235513",NA
33.1865655111711,1.00281902730608,0.319839246572978,0.000112336898901247,0.00169521427959297,"ENSG00000235927","NEXN-AS1"
6.17058550366688,-1.2309108628562,0.886925481339969,0.00529383300730133,0.0389787824188141,"ENSG00000235959",NA
126.795186309546,1.87698444116981,0.400430092062782,1.3441274665331e-07,4.66141380342881e-06,"ENSG00000237697",NA
7.32018678586575,2.36111617925128,1.0173138620315,0.000802262036356967,0.00882536164845492,"ENSG00000237928","NFIA-AS2"
29.2635996466608,-1.01844760003247,0.449666743538493,0.00118861271690837,0.0121264837572674,"ENSG00000240764","PCDHGC5"
51.3820604914993,1.11889843509247,0.27237887769432,2.60978582732569e-06,6.5386674843813e-05,"ENSG00000240859","LINC03014"
676.962148494614,1.5539620463405,0.360020436232253,7.64561245987145e-07,2.16273353991602e-05,"ENSG00000241399","CD302"
996.172029975073,1.36718630789008,0.233926451906434,3.11593845381783e-10,2.04928595096626e-08,"ENSG00000243244","STON1"
21.2155210445864,-2.03226026678703,0.413951947520653,5.01671236681835e-08,1.96559060074383e-06,"ENSG00000243742",NA
8.08134356605145,1.58198373477355,0.831512251881191,0.0020491055614265,0.0187359875440263,"ENSG00000244301",NA
75.213124650084,1.0237239282184,0.292711799338583,3.02419377442066e-05,0.000552809359342601,"ENSG00000244490",NA
181.253072875573,1.4734119467361,0.365088402916022,2.8293716493155e-06,7.03142765481039e-05,"ENSG00000245812","LINC02202"
2162.53381587847,2.01030473213406,0.238799961415844,2.13056725109681e-18,4.68155855402733e-16,"ENSG00000246430","LINC00968"
155.491769439565,-1.34612998617391,0.320617766756782,1.57363777879087e-06,4.14571383353846e-05,"ENSG00000246763","RGMB-AS1"
17.5620741427689,2.4426410798766,0.488496611367492,3.66188162833412e-08,1.48532048867341e-06,"ENSG00000247311",NA
820.405087871941,1.06800462101902,0.233125398492364,3.20782708184671e-07,1.0080569234165e-05,"ENSG00000248144","ADH1C"
7.68952994258655,3.02210418836463,0.989949413662224,0.000127392514118681,0.00188731548471079,"ENSG00000248187","LOC124900778"
8.83918349519796,4.51752914032176,1.2207205770009,2.38560996101958e-05,0.000453832721406771,"ENSG00000249364","LINC02997"
4.80563836864765,-2.52874726891177,1.19899493369199,0.0015940249294525,0.0152964924835163,"ENSG00000250657",NA
4.86372304781545,2.54752283039444,1.01441438374353,0.000724887240016153,0.00813951129566918,"ENSG00000250934",NA
56.3185566347047,6.15972915663222,0.658297092988002,4.06931282975697e-21,1.33814992428526e-18,"ENSG00000250978",NA
15.6381285076394,1.93382955582006,0.746558301067192,0.000365104376609756,0.00460191450737075,"ENSG00000253139",NA
738.222089385992,1.10363492495759,0.27655446762495,4.22536487117552e-06,9.91211389843277e-05,"ENSG00000253276","CCDC71L"
1040.17481746375,1.90899309868182,0.245028433764012,3.6608626751386e-16,6.24210982987754e-14,"ENSG00000253368","TRNP1"
84.9518425316552,1.04783281655728,0.276799906295521,1.01028043868765e-05,0.000214335417954299,"ENSG00000253833","DSTNP3"
68.9066622714279,1.30253927298125,0.373307514625005,2.67814404641524e-05,0.000498665547166195,"ENSG00000254254","PENK-AS1"
47.8948534000902,-1.85940593871615,0.398766531813393,1.83978484085158e-07,6.18241566501493e-06,"ENSG00000254726","MEX3A"
11.456641092336,2.36757888076212,0.843617798719683,0.000201308076733641,0.0027893816651994,"ENSG00000254842",NA
8.69567232319854,1.7974318101893,0.973033968142791,0.00188166253240378,0.0174387597051915,"ENSG00000254987",NA
37.9956639989542,-1.11401624072597,0.292564405059333,9.84160871650257e-06,0.000209518178629358,"ENSG00000256340",NA
41.5295662491666,1.27314009915486,0.378166686552812,4.04387840001265e-05,0.000709895335903079,"ENSG00000258016",NA
8.33136465987665,-2.00193553604178,0.762126893894333,0.00040270732818318,0.00501410104698666,"ENSG00000258457",NA
29.0229650387736,1.39127223137761,0.474923194659829,0.000163399349482509,0.00233075059699488,"ENSG00000259426","KIF23-AS1"
9.61888078696031,1.53308335164798,0.636277880630926,0.000692374374591041,0.00784619945113478,"ENSG00000259448",NA
15.971915512095,1.22614945451397,0.564800432536781,0.00127973165793061,0.012835652767316,"ENSG00000259886",NA
17.2763069473607,1.03823330126408,0.700856443178491,0.00479367034462854,0.0361488285816276,"ENSG00000260396",NA
11.6950477447113,-1.34545806344792,1.16494352747779,0.00547490138365132,0.0400071172132556,"ENSG00000260455",NA
6.72314403781662,4.63690262833863,1.7170396449989,0.000114833226034527,0.00172203082852265,"ENSG00000260802","SERTM2"
9.29035889733276,-1.16425407652935,0.831534914550515,0.00507903762483483,0.0377748295078083,"ENSG00000260807","CEROX1"
69.3424500512465,1.07264458539634,0.315009498358333,4.15537362698656e-05,0.000726697106751732,"ENSG00000260841",NA
7.00515534339253,-2.57439194650511,0.921547886900304,0.00032433297053498,0.00415918638746633,"ENSG00000261121","LINC02473"
22.8002084730873,-1.58407613273196,0.62671366363398,0.000417132721165153,0.00516229775554859,"ENSG00000261425",NA
4.68290158842556,-1.81455124939497,1.12093403016683,0.00376454135688915,0.0299455849188396,"ENSG00000261452",NA
33.1838111689967,2.30306425341377,0.420843155228239,2.59934106727818e-09,1.37548464810137e-07,"ENSG00000261468",NA
64.2625290810485,1.35682863604093,0.252620309581909,5.21699244497646e-09,2.54830015581543e-07,"ENSG00000261490",NA
78.4317516573101,1.10706651739929,0.397257007633395,0.000275370366396987,0.00364553939410533,"ENSG00000261589",NA
48.4470782983356,2.16280914562858,0.446807004707795,6.13303481859042e-08,2.3382988858042e-06,"ENSG00000261685",NA
11.5445579361005,-1.53031036567051,0.589792034402065,0.000429888586222107,0.00528817522730802,"ENSG00000261827",NA
8.63790831229881,1.38907473846774,0.727837022615969,0.0021612189171768,0.0195658257959614,"ENSG00000264007",NA
18.1836599664755,4.20134589848054,0.960395284057759,6.95220360473136e-07,1.99105488928659e-05,"ENSG00000264868",NA
26.2332150611532,-4.21539111676873,0.836054674755088,2.05040828458916e-08,8.84268584559937e-07,"ENSG00000267339","LINC00906"
24.2621807842876,2.16292428914841,0.527505099692341,2.06767627141103e-06,5.30310007493511e-05,"ENSG00000267480",NA
18.3332973925955,-1.6516905118832,0.723056142115595,0.000800843435406403,0.00882029417644074,"ENSG00000267528",NA
85.667253935463,1.38018547913137,0.291809531908833,1.26129537785852e-07,4.44106202356875e-06,"ENSG00000267669","RPLP0P12"
6.11943702063457,-1.99702119669728,0.797554727004244,0.000642794041151993,0.00735677580348909,"ENSG00000267683",NA
6.62879201228482,3.35005094816115,1.30662281036417,0.000561700615064994,0.0065591102260126,"ENSG00000268894","PLCE1-AS1"
72.857073302781,2.46698565154535,0.411889949434764,1.10016806442666e-10,8.03952178826067e-09,"ENSG00000268913",NA
8.28398322495474,2.76530956927869,0.840397182565551,6.14402562672086e-05,0.00101381928240201,"ENSG00000269289","LOC100505851"
301.775957049144,1.02976010213987,0.247540793973851,2.18068277991551e-06,5.56194922328866e-05,"ENSG00000269728",NA
10.9946835737752,-1.15543413491254,0.70054746372276,0.00362977203410543,0.0292015080856494,"ENSG00000269959","SPACA6-AS1"
11.0488827412884,-1.59767394078532,0.68932865254025,0.000764435290307067,0.0084903955796168,"ENSG00000270093",NA
13.9098642505012,-1.16649585645908,0.62010014081115,0.00227509943047048,0.0203873265265761,"ENSG00000270605",NA
4.50367827996702,3.32440058268003,1.30547891676961,0.000846658653564925,0.0092004296810886,"ENSG00000270689",NA
89.1268202836453,-1.33635427203595,0.494846669200608,0.000310566166129873,0.00401338663107481,"ENSG00000272168",NA
64.5644761328689,-1.29388523188359,0.388676146440095,4.41348534999015e-05,0.000764575096143637,"ENSG00000272341",NA
4.61744047698575,-1.50671527943181,1.10726237093253,0.00552630754288454,0.0402718454302409,"ENSG00000272384",NA
10.1516030671686,1.14755564455727,0.707738577265846,0.00372324998266588,0.0296940876703301,"ENSG00000272744",NA
17.6400790331034,-1.32173853437799,0.556726610989392,0.000783473954805399,0.00868091027541601,"ENSG00000272796",NA
114.903197148601,-1.75571289181967,0.567751481666,7.90198015244226e-05,0.00125228024532895,"ENSG00000272841","MAP3K4-AS1"
9.98609198231187,-1.12587635243478,0.736656851376815,0.00421545750898184,0.0326715698770626,"ENSG00000273162",NA
167.919312364673,-1.04793972823321,0.539383183469856,0.00212789514429523,0.0193205525142334,"ENSG00000273179",NA
8.86087720009819,3.16804399196516,1.17428195993743,0.000314125708939938,0.00405085779420795,"ENSG00000273259",NA
